--
-- PostgreSQL database dump
--

-- Dumped from database version 16.8 (Ubuntu 16.8-1.pgdg24.04+1)
-- Dumped by pg_dump version 16.8 (Ubuntu 16.8-1.pgdg24.04+1)

SET statement_timeout = 0;
SET lock_timeout = 0;
SET idle_in_transaction_session_timeout = 0;
SET client_encoding = 'UTF8';
SET standard_conforming_strings = on;
SELECT pg_catalog.set_config('search_path', '', false);
SET check_function_bodies = false;
SET xmloption = content;
SET client_min_messages = warning;
SET row_security = off;

--
-- Name: postgis; Type: EXTENSION; Schema: -; Owner: -
--

CREATE EXTENSION IF NOT EXISTS postgis WITH SCHEMA public;


--
-- Name: EXTENSION postgis; Type: COMMENT; Schema: -; Owner: 
--

COMMENT ON EXTENSION postgis IS 'PostGIS geometry and geography spatial types and functions';


SET default_tablespace = '';

SET default_table_access_method = heap;

--
-- Name: account_emailaddress; Type: TABLE; Schema: public; Owner: postgres
--

CREATE TABLE public.account_emailaddress (
    id integer NOT NULL,
    email character varying(254) NOT NULL,
    verified boolean NOT NULL,
    "primary" boolean NOT NULL,
    user_id bigint NOT NULL
);


ALTER TABLE public.account_emailaddress OWNER TO postgres;

--
-- Name: account_emailaddress_id_seq; Type: SEQUENCE; Schema: public; Owner: postgres
--

ALTER TABLE public.account_emailaddress ALTER COLUMN id ADD GENERATED BY DEFAULT AS IDENTITY (
    SEQUENCE NAME public.account_emailaddress_id_seq
    START WITH 1
    INCREMENT BY 1
    NO MINVALUE
    NO MAXVALUE
    CACHE 1
);


--
-- Name: account_emailconfirmation; Type: TABLE; Schema: public; Owner: postgres
--

CREATE TABLE public.account_emailconfirmation (
    id integer NOT NULL,
    created timestamp with time zone NOT NULL,
    sent timestamp with time zone,
    key character varying(64) NOT NULL,
    email_address_id integer NOT NULL
);


ALTER TABLE public.account_emailconfirmation OWNER TO postgres;

--
-- Name: account_emailconfirmation_id_seq; Type: SEQUENCE; Schema: public; Owner: postgres
--

ALTER TABLE public.account_emailconfirmation ALTER COLUMN id ADD GENERATED BY DEFAULT AS IDENTITY (
    SEQUENCE NAME public.account_emailconfirmation_id_seq
    START WITH 1
    INCREMENT BY 1
    NO MINVALUE
    NO MAXVALUE
    CACHE 1
);


--
-- Name: accounts_customuser; Type: TABLE; Schema: public; Owner: postgres
--

CREATE TABLE public.accounts_customuser (
    id bigint NOT NULL,
    password character varying(128) NOT NULL,
    username character varying(255) NOT NULL,
    email character varying(254),
    first_name character varying(255),
    last_name character varying(255),
    phone_number character varying(255),
    picture character varying(100),
    role character varying(255),
    is_active boolean NOT NULL,
    is_staff boolean NOT NULL,
    is_superuser boolean NOT NULL,
    is_online boolean NOT NULL,
    end_of_session timestamp with time zone,
    last_login timestamp with time zone,
    date_joined timestamp with time zone NOT NULL
);


ALTER TABLE public.accounts_customuser OWNER TO postgres;

--
-- Name: accounts_customuser_groups; Type: TABLE; Schema: public; Owner: postgres
--

CREATE TABLE public.accounts_customuser_groups (
    id bigint NOT NULL,
    customuser_id bigint NOT NULL,
    group_id integer NOT NULL
);


ALTER TABLE public.accounts_customuser_groups OWNER TO postgres;

--
-- Name: accounts_customuser_groups_id_seq; Type: SEQUENCE; Schema: public; Owner: postgres
--

ALTER TABLE public.accounts_customuser_groups ALTER COLUMN id ADD GENERATED BY DEFAULT AS IDENTITY (
    SEQUENCE NAME public.accounts_customuser_groups_id_seq
    START WITH 1
    INCREMENT BY 1
    NO MINVALUE
    NO MAXVALUE
    CACHE 1
);


--
-- Name: accounts_customuser_id_seq; Type: SEQUENCE; Schema: public; Owner: postgres
--

ALTER TABLE public.accounts_customuser ALTER COLUMN id ADD GENERATED BY DEFAULT AS IDENTITY (
    SEQUENCE NAME public.accounts_customuser_id_seq
    START WITH 1
    INCREMENT BY 1
    NO MINVALUE
    NO MAXVALUE
    CACHE 1
);


--
-- Name: accounts_customuser_user_permissions; Type: TABLE; Schema: public; Owner: postgres
--

CREATE TABLE public.accounts_customuser_user_permissions (
    id bigint NOT NULL,
    customuser_id bigint NOT NULL,
    permission_id integer NOT NULL
);


ALTER TABLE public.accounts_customuser_user_permissions OWNER TO postgres;

--
-- Name: accounts_customuser_user_permissions_id_seq; Type: SEQUENCE; Schema: public; Owner: postgres
--

ALTER TABLE public.accounts_customuser_user_permissions ALTER COLUMN id ADD GENERATED BY DEFAULT AS IDENTITY (
    SEQUENCE NAME public.accounts_customuser_user_permissions_id_seq
    START WITH 1
    INCREMENT BY 1
    NO MINVALUE
    NO MAXVALUE
    CACHE 1
);


--
-- Name: accounts_historicalcustomuser; Type: TABLE; Schema: public; Owner: postgres
--

CREATE TABLE public.accounts_historicalcustomuser (
    id bigint NOT NULL,
    password character varying(128) NOT NULL,
    username character varying(255) NOT NULL,
    email character varying(254),
    first_name character varying(255),
    last_name character varying(255),
    phone_number character varying(255),
    picture text,
    role character varying(255),
    is_active boolean NOT NULL,
    is_staff boolean NOT NULL,
    is_superuser boolean NOT NULL,
    is_online boolean NOT NULL,
    end_of_session timestamp with time zone,
    last_login timestamp with time zone,
    date_joined timestamp with time zone NOT NULL,
    history_id integer NOT NULL,
    history_date timestamp with time zone NOT NULL,
    history_change_reason character varying(100),
    history_type character varying(1) NOT NULL,
    history_user_id bigint
);


ALTER TABLE public.accounts_historicalcustomuser OWNER TO postgres;

--
-- Name: accounts_historicalcustomuser_history_id_seq; Type: SEQUENCE; Schema: public; Owner: postgres
--

ALTER TABLE public.accounts_historicalcustomuser ALTER COLUMN history_id ADD GENERATED BY DEFAULT AS IDENTITY (
    SEQUENCE NAME public.accounts_historicalcustomuser_history_id_seq
    START WITH 1
    INCREMENT BY 1
    NO MINVALUE
    NO MAXVALUE
    CACHE 1
);


--
-- Name: accounts_like; Type: TABLE; Schema: public; Owner: postgres
--

CREATE TABLE public.accounts_like (
    id bigint NOT NULL,
    guid uuid,
    created_at timestamp with time zone NOT NULL,
    updated_at timestamp with time zone NOT NULL,
    is_active boolean NOT NULL,
    is_deleted boolean NOT NULL,
    is_like boolean NOT NULL,
    master_id bigint,
    user_id bigint
);


ALTER TABLE public.accounts_like OWNER TO postgres;

--
-- Name: accounts_like_id_seq; Type: SEQUENCE; Schema: public; Owner: postgres
--

ALTER TABLE public.accounts_like ALTER COLUMN id ADD GENERATED BY DEFAULT AS IDENTITY (
    SEQUENCE NAME public.accounts_like_id_seq
    START WITH 1
    INCREMENT BY 1
    NO MINVALUE
    NO MAXVALUE
    CACHE 1
);


--
-- Name: announcements_announcement; Type: TABLE; Schema: public; Owner: postgres
--

CREATE TABLE public.announcements_announcement (
    id bigint NOT NULL,
    guid uuid,
    created_at timestamp with time zone NOT NULL,
    updated_at timestamp with time zone NOT NULL,
    is_active boolean NOT NULL,
    is_deleted boolean NOT NULL,
    name character varying(255) NOT NULL,
    title character varying(255) NOT NULL,
    description text,
    location public.geometry(Point,4326),
    address character varying(255),
    industry jsonb,
    slug character varying(300),
    client_id bigint
);


ALTER TABLE public.announcements_announcement OWNER TO postgres;

--
-- Name: announcements_announcement_id_seq; Type: SEQUENCE; Schema: public; Owner: postgres
--

ALTER TABLE public.announcements_announcement ALTER COLUMN id ADD GENERATED BY DEFAULT AS IDENTITY (
    SEQUENCE NAME public.announcements_announcement_id_seq
    START WITH 1
    INCREMENT BY 1
    NO MINVALUE
    NO MAXVALUE
    CACHE 1
);


--
-- Name: auth_group; Type: TABLE; Schema: public; Owner: postgres
--

CREATE TABLE public.auth_group (
    id integer NOT NULL,
    name character varying(150) NOT NULL
);


ALTER TABLE public.auth_group OWNER TO postgres;

--
-- Name: auth_group_id_seq; Type: SEQUENCE; Schema: public; Owner: postgres
--

ALTER TABLE public.auth_group ALTER COLUMN id ADD GENERATED BY DEFAULT AS IDENTITY (
    SEQUENCE NAME public.auth_group_id_seq
    START WITH 1
    INCREMENT BY 1
    NO MINVALUE
    NO MAXVALUE
    CACHE 1
);


--
-- Name: auth_group_permissions; Type: TABLE; Schema: public; Owner: postgres
--

CREATE TABLE public.auth_group_permissions (
    id bigint NOT NULL,
    group_id integer NOT NULL,
    permission_id integer NOT NULL
);


ALTER TABLE public.auth_group_permissions OWNER TO postgres;

--
-- Name: auth_group_permissions_id_seq; Type: SEQUENCE; Schema: public; Owner: postgres
--

ALTER TABLE public.auth_group_permissions ALTER COLUMN id ADD GENERATED BY DEFAULT AS IDENTITY (
    SEQUENCE NAME public.auth_group_permissions_id_seq
    START WITH 1
    INCREMENT BY 1
    NO MINVALUE
    NO MAXVALUE
    CACHE 1
);


--
-- Name: auth_permission; Type: TABLE; Schema: public; Owner: postgres
--

CREATE TABLE public.auth_permission (
    id integer NOT NULL,
    name character varying(255) NOT NULL,
    content_type_id integer NOT NULL,
    codename character varying(100) NOT NULL
);


ALTER TABLE public.auth_permission OWNER TO postgres;

--
-- Name: auth_permission_id_seq; Type: SEQUENCE; Schema: public; Owner: postgres
--

ALTER TABLE public.auth_permission ALTER COLUMN id ADD GENERATED BY DEFAULT AS IDENTITY (
    SEQUENCE NAME public.auth_permission_id_seq
    START WITH 1
    INCREMENT BY 1
    NO MINVALUE
    NO MAXVALUE
    CACHE 1
);


--
-- Name: authtoken_token; Type: TABLE; Schema: public; Owner: postgres
--

CREATE TABLE public.authtoken_token (
    key character varying(40) NOT NULL,
    created timestamp with time zone NOT NULL,
    user_id bigint NOT NULL
);


ALTER TABLE public.authtoken_token OWNER TO postgres;

--
-- Name: captcha_captchastore; Type: TABLE; Schema: public; Owner: postgres
--

CREATE TABLE public.captcha_captchastore (
    id integer NOT NULL,
    challenge character varying(32) NOT NULL,
    response character varying(32) NOT NULL,
    hashkey character varying(40) NOT NULL,
    expiration timestamp with time zone NOT NULL
);


ALTER TABLE public.captcha_captchastore OWNER TO postgres;

--
-- Name: captcha_captchastore_id_seq; Type: SEQUENCE; Schema: public; Owner: postgres
--

ALTER TABLE public.captcha_captchastore ALTER COLUMN id ADD GENERATED BY DEFAULT AS IDENTITY (
    SEQUENCE NAME public.captcha_captchastore_id_seq
    START WITH 1
    INCREMENT BY 1
    NO MINVALUE
    NO MAXVALUE
    CACHE 1
);


--
-- Name: chat_chat; Type: TABLE; Schema: public; Owner: postgres
--

CREATE TABLE public.chat_chat (
    id bigint NOT NULL,
    guid uuid,
    created_at timestamp with time zone NOT NULL,
    updated_at timestamp with time zone NOT NULL,
    is_active boolean NOT NULL,
    is_deleted boolean NOT NULL,
    message text,
    image character varying(100),
    client_id bigint,
    connect_announcement_id bigint,
    master_id bigint
);


ALTER TABLE public.chat_chat OWNER TO postgres;

--
-- Name: chat_chat_id_seq; Type: SEQUENCE; Schema: public; Owner: postgres
--

ALTER TABLE public.chat_chat ALTER COLUMN id ADD GENERATED BY DEFAULT AS IDENTITY (
    SEQUENCE NAME public.chat_chat_id_seq
    START WITH 1
    INCREMENT BY 1
    NO MINVALUE
    NO MAXVALUE
    CACHE 1
);


--
-- Name: connect_announcements_connectannouncement; Type: TABLE; Schema: public; Owner: postgres
--

CREATE TABLE public.connect_announcements_connectannouncement (
    id bigint NOT NULL,
    guid uuid,
    created_at timestamp with time zone NOT NULL,
    updated_at timestamp with time zone NOT NULL,
    is_active boolean NOT NULL,
    is_deleted boolean NOT NULL,
    star double precision,
    comment text,
    announcement_id bigint,
    master_id bigint
);


ALTER TABLE public.connect_announcements_connectannouncement OWNER TO postgres;

--
-- Name: connect_announcements_connectannouncement_id_seq; Type: SEQUENCE; Schema: public; Owner: postgres
--

ALTER TABLE public.connect_announcements_connectannouncement ALTER COLUMN id ADD GENERATED BY DEFAULT AS IDENTITY (
    SEQUENCE NAME public.connect_announcements_connectannouncement_id_seq
    START WITH 1
    INCREMENT BY 1
    NO MINVALUE
    NO MAXVALUE
    CACHE 1
);


--
-- Name: django_admin_log; Type: TABLE; Schema: public; Owner: postgres
--

CREATE TABLE public.django_admin_log (
    id integer NOT NULL,
    action_time timestamp with time zone NOT NULL,
    object_id text,
    object_repr character varying(200) NOT NULL,
    action_flag smallint NOT NULL,
    change_message text NOT NULL,
    content_type_id integer,
    user_id bigint NOT NULL,
    CONSTRAINT django_admin_log_action_flag_check CHECK ((action_flag >= 0))
);


ALTER TABLE public.django_admin_log OWNER TO postgres;

--
-- Name: django_admin_log_id_seq; Type: SEQUENCE; Schema: public; Owner: postgres
--

ALTER TABLE public.django_admin_log ALTER COLUMN id ADD GENERATED BY DEFAULT AS IDENTITY (
    SEQUENCE NAME public.django_admin_log_id_seq
    START WITH 1
    INCREMENT BY 1
    NO MINVALUE
    NO MAXVALUE
    CACHE 1
);


--
-- Name: django_celery_beat_clockedschedule; Type: TABLE; Schema: public; Owner: postgres
--

CREATE TABLE public.django_celery_beat_clockedschedule (
    id integer NOT NULL,
    clocked_time timestamp with time zone NOT NULL
);


ALTER TABLE public.django_celery_beat_clockedschedule OWNER TO postgres;

--
-- Name: django_celery_beat_clockedschedule_id_seq; Type: SEQUENCE; Schema: public; Owner: postgres
--

ALTER TABLE public.django_celery_beat_clockedschedule ALTER COLUMN id ADD GENERATED BY DEFAULT AS IDENTITY (
    SEQUENCE NAME public.django_celery_beat_clockedschedule_id_seq
    START WITH 1
    INCREMENT BY 1
    NO MINVALUE
    NO MAXVALUE
    CACHE 1
);


--
-- Name: django_celery_beat_crontabschedule; Type: TABLE; Schema: public; Owner: postgres
--

CREATE TABLE public.django_celery_beat_crontabschedule (
    id integer NOT NULL,
    minute character varying(240) NOT NULL,
    hour character varying(96) NOT NULL,
    day_of_week character varying(64) NOT NULL,
    day_of_month character varying(124) NOT NULL,
    month_of_year character varying(64) NOT NULL,
    timezone character varying(63) NOT NULL
);


ALTER TABLE public.django_celery_beat_crontabschedule OWNER TO postgres;

--
-- Name: django_celery_beat_crontabschedule_id_seq; Type: SEQUENCE; Schema: public; Owner: postgres
--

ALTER TABLE public.django_celery_beat_crontabschedule ALTER COLUMN id ADD GENERATED BY DEFAULT AS IDENTITY (
    SEQUENCE NAME public.django_celery_beat_crontabschedule_id_seq
    START WITH 1
    INCREMENT BY 1
    NO MINVALUE
    NO MAXVALUE
    CACHE 1
);


--
-- Name: django_celery_beat_intervalschedule; Type: TABLE; Schema: public; Owner: postgres
--

CREATE TABLE public.django_celery_beat_intervalschedule (
    id integer NOT NULL,
    every integer NOT NULL,
    period character varying(24) NOT NULL
);


ALTER TABLE public.django_celery_beat_intervalschedule OWNER TO postgres;

--
-- Name: django_celery_beat_intervalschedule_id_seq; Type: SEQUENCE; Schema: public; Owner: postgres
--

ALTER TABLE public.django_celery_beat_intervalschedule ALTER COLUMN id ADD GENERATED BY DEFAULT AS IDENTITY (
    SEQUENCE NAME public.django_celery_beat_intervalschedule_id_seq
    START WITH 1
    INCREMENT BY 1
    NO MINVALUE
    NO MAXVALUE
    CACHE 1
);


--
-- Name: django_celery_beat_periodictask; Type: TABLE; Schema: public; Owner: postgres
--

CREATE TABLE public.django_celery_beat_periodictask (
    id integer NOT NULL,
    name character varying(200) NOT NULL,
    task character varying(200) NOT NULL,
    args text NOT NULL,
    kwargs text NOT NULL,
    queue character varying(200),
    exchange character varying(200),
    routing_key character varying(200),
    expires timestamp with time zone,
    enabled boolean NOT NULL,
    last_run_at timestamp with time zone,
    total_run_count integer NOT NULL,
    date_changed timestamp with time zone NOT NULL,
    description text NOT NULL,
    crontab_id integer,
    interval_id integer,
    solar_id integer,
    one_off boolean NOT NULL,
    start_time timestamp with time zone,
    priority integer,
    headers text NOT NULL,
    clocked_id integer,
    expire_seconds integer,
    CONSTRAINT django_celery_beat_periodictask_expire_seconds_check CHECK ((expire_seconds >= 0)),
    CONSTRAINT django_celery_beat_periodictask_priority_check CHECK ((priority >= 0)),
    CONSTRAINT django_celery_beat_periodictask_total_run_count_check CHECK ((total_run_count >= 0))
);


ALTER TABLE public.django_celery_beat_periodictask OWNER TO postgres;

--
-- Name: django_celery_beat_periodictask_id_seq; Type: SEQUENCE; Schema: public; Owner: postgres
--

ALTER TABLE public.django_celery_beat_periodictask ALTER COLUMN id ADD GENERATED BY DEFAULT AS IDENTITY (
    SEQUENCE NAME public.django_celery_beat_periodictask_id_seq
    START WITH 1
    INCREMENT BY 1
    NO MINVALUE
    NO MAXVALUE
    CACHE 1
);


--
-- Name: django_celery_beat_periodictasks; Type: TABLE; Schema: public; Owner: postgres
--

CREATE TABLE public.django_celery_beat_periodictasks (
    ident smallint NOT NULL,
    last_update timestamp with time zone NOT NULL
);


ALTER TABLE public.django_celery_beat_periodictasks OWNER TO postgres;

--
-- Name: django_celery_beat_solarschedule; Type: TABLE; Schema: public; Owner: postgres
--

CREATE TABLE public.django_celery_beat_solarschedule (
    id integer NOT NULL,
    event character varying(24) NOT NULL,
    latitude numeric(9,6) NOT NULL,
    longitude numeric(9,6) NOT NULL
);


ALTER TABLE public.django_celery_beat_solarschedule OWNER TO postgres;

--
-- Name: django_celery_beat_solarschedule_id_seq; Type: SEQUENCE; Schema: public; Owner: postgres
--

ALTER TABLE public.django_celery_beat_solarschedule ALTER COLUMN id ADD GENERATED BY DEFAULT AS IDENTITY (
    SEQUENCE NAME public.django_celery_beat_solarschedule_id_seq
    START WITH 1
    INCREMENT BY 1
    NO MINVALUE
    NO MAXVALUE
    CACHE 1
);


--
-- Name: django_content_type; Type: TABLE; Schema: public; Owner: postgres
--

CREATE TABLE public.django_content_type (
    id integer NOT NULL,
    app_label character varying(100) NOT NULL,
    model character varying(100) NOT NULL
);


ALTER TABLE public.django_content_type OWNER TO postgres;

--
-- Name: django_content_type_id_seq; Type: SEQUENCE; Schema: public; Owner: postgres
--

ALTER TABLE public.django_content_type ALTER COLUMN id ADD GENERATED BY DEFAULT AS IDENTITY (
    SEQUENCE NAME public.django_content_type_id_seq
    START WITH 1
    INCREMENT BY 1
    NO MINVALUE
    NO MAXVALUE
    CACHE 1
);


--
-- Name: django_migrations; Type: TABLE; Schema: public; Owner: postgres
--

CREATE TABLE public.django_migrations (
    id bigint NOT NULL,
    app character varying(255) NOT NULL,
    name character varying(255) NOT NULL,
    applied timestamp with time zone NOT NULL
);


ALTER TABLE public.django_migrations OWNER TO postgres;

--
-- Name: django_migrations_id_seq; Type: SEQUENCE; Schema: public; Owner: postgres
--

ALTER TABLE public.django_migrations ALTER COLUMN id ADD GENERATED BY DEFAULT AS IDENTITY (
    SEQUENCE NAME public.django_migrations_id_seq
    START WITH 1
    INCREMENT BY 1
    NO MINVALUE
    NO MAXVALUE
    CACHE 1
);


--
-- Name: django_session; Type: TABLE; Schema: public; Owner: postgres
--

CREATE TABLE public.django_session (
    session_key character varying(40) NOT NULL,
    session_data text NOT NULL,
    expire_date timestamp with time zone NOT NULL
);


ALTER TABLE public.django_session OWNER TO postgres;

--
-- Name: hitcount_blacklist_ip; Type: TABLE; Schema: public; Owner: postgres
--

CREATE TABLE public.hitcount_blacklist_ip (
    id bigint NOT NULL,
    ip character varying(40) NOT NULL
);


ALTER TABLE public.hitcount_blacklist_ip OWNER TO postgres;

--
-- Name: hitcount_blacklist_ip_id_seq; Type: SEQUENCE; Schema: public; Owner: postgres
--

ALTER TABLE public.hitcount_blacklist_ip ALTER COLUMN id ADD GENERATED BY DEFAULT AS IDENTITY (
    SEQUENCE NAME public.hitcount_blacklist_ip_id_seq
    START WITH 1
    INCREMENT BY 1
    NO MINVALUE
    NO MAXVALUE
    CACHE 1
);


--
-- Name: hitcount_blacklist_user_agent; Type: TABLE; Schema: public; Owner: postgres
--

CREATE TABLE public.hitcount_blacklist_user_agent (
    id bigint NOT NULL,
    user_agent character varying(255) NOT NULL
);


ALTER TABLE public.hitcount_blacklist_user_agent OWNER TO postgres;

--
-- Name: hitcount_blacklist_user_agent_id_seq; Type: SEQUENCE; Schema: public; Owner: postgres
--

ALTER TABLE public.hitcount_blacklist_user_agent ALTER COLUMN id ADD GENERATED BY DEFAULT AS IDENTITY (
    SEQUENCE NAME public.hitcount_blacklist_user_agent_id_seq
    START WITH 1
    INCREMENT BY 1
    NO MINVALUE
    NO MAXVALUE
    CACHE 1
);


--
-- Name: hitcount_hit; Type: TABLE; Schema: public; Owner: postgres
--

CREATE TABLE public.hitcount_hit (
    id bigint NOT NULL,
    created timestamp with time zone NOT NULL,
    ip character varying(40) NOT NULL,
    session character varying(40) NOT NULL,
    user_agent character varying(255) NOT NULL,
    hitcount_id bigint NOT NULL,
    user_id bigint
);


ALTER TABLE public.hitcount_hit OWNER TO postgres;

--
-- Name: hitcount_hit_count; Type: TABLE; Schema: public; Owner: postgres
--

CREATE TABLE public.hitcount_hit_count (
    id bigint NOT NULL,
    hits integer NOT NULL,
    modified timestamp with time zone NOT NULL,
    object_pk integer NOT NULL,
    content_type_id integer NOT NULL,
    CONSTRAINT hitcount_hit_count_hits_check CHECK ((hits >= 0)),
    CONSTRAINT hitcount_hit_count_object_pk_53e9c38f_check CHECK ((object_pk >= 0))
);


ALTER TABLE public.hitcount_hit_count OWNER TO postgres;

--
-- Name: hitcount_hit_count_id_seq; Type: SEQUENCE; Schema: public; Owner: postgres
--

ALTER TABLE public.hitcount_hit_count ALTER COLUMN id ADD GENERATED BY DEFAULT AS IDENTITY (
    SEQUENCE NAME public.hitcount_hit_count_id_seq
    START WITH 1
    INCREMENT BY 1
    NO MINVALUE
    NO MAXVALUE
    CACHE 1
);


--
-- Name: hitcount_hit_id_seq; Type: SEQUENCE; Schema: public; Owner: postgres
--

ALTER TABLE public.hitcount_hit ALTER COLUMN id ADD GENERATED BY DEFAULT AS IDENTITY (
    SEQUENCE NAME public.hitcount_hit_id_seq
    START WITH 1
    INCREMENT BY 1
    NO MINVALUE
    NO MAXVALUE
    CACHE 1
);


--
-- Name: images_image; Type: TABLE; Schema: public; Owner: postgres
--

CREATE TABLE public.images_image (
    id bigint NOT NULL,
    guid uuid,
    created_at timestamp with time zone NOT NULL,
    updated_at timestamp with time zone NOT NULL,
    is_active boolean NOT NULL,
    is_deleted boolean NOT NULL,
    name character varying(100),
    object_id integer NOT NULL,
    content_type_id integer NOT NULL,
    CONSTRAINT images_image_object_id_check CHECK ((object_id >= 0))
);


ALTER TABLE public.images_image OWNER TO postgres;

--
-- Name: images_image_id_seq; Type: SEQUENCE; Schema: public; Owner: postgres
--

ALTER TABLE public.images_image ALTER COLUMN id ADD GENERATED BY DEFAULT AS IDENTITY (
    SEQUENCE NAME public.images_image_id_seq
    START WITH 1
    INCREMENT BY 1
    NO MINVALUE
    NO MAXVALUE
    CACHE 1
);


--
-- Name: industry_industry; Type: TABLE; Schema: public; Owner: postgres
--

CREATE TABLE public.industry_industry (
    id bigint NOT NULL,
    guid uuid,
    created_at timestamp with time zone NOT NULL,
    updated_at timestamp with time zone NOT NULL,
    is_active boolean NOT NULL,
    is_deleted boolean NOT NULL,
    name character varying(255) NOT NULL
);


ALTER TABLE public.industry_industry OWNER TO postgres;

--
-- Name: industry_industry_id_seq; Type: SEQUENCE; Schema: public; Owner: postgres
--

ALTER TABLE public.industry_industry ALTER COLUMN id ADD GENERATED BY DEFAULT AS IDENTITY (
    SEQUENCE NAME public.industry_industry_id_seq
    START WITH 1
    INCREMENT BY 1
    NO MINVALUE
    NO MAXVALUE
    CACHE 1
);


--
-- Name: industry_industryuser; Type: TABLE; Schema: public; Owner: postgres
--

CREATE TABLE public.industry_industryuser (
    id bigint NOT NULL,
    guid uuid,
    created_at timestamp with time zone NOT NULL,
    updated_at timestamp with time zone NOT NULL,
    is_active boolean NOT NULL,
    is_deleted boolean NOT NULL,
    price double precision,
    internship character varying(255),
    star double precision,
    industry_id bigint,
    user_id bigint
);


ALTER TABLE public.industry_industryuser OWNER TO postgres;

--
-- Name: industry_industryuser_id_seq; Type: SEQUENCE; Schema: public; Owner: postgres
--

ALTER TABLE public.industry_industryuser ALTER COLUMN id ADD GENERATED BY DEFAULT AS IDENTITY (
    SEQUENCE NAME public.industry_industryuser_id_seq
    START WITH 1
    INCREMENT BY 1
    NO MINVALUE
    NO MAXVALUE
    CACHE 1
);


--
-- Name: rest_framework_api_key_apikey; Type: TABLE; Schema: public; Owner: postgres
--

CREATE TABLE public.rest_framework_api_key_apikey (
    id character varying(150) NOT NULL,
    created timestamp with time zone NOT NULL,
    name character varying(50) NOT NULL,
    revoked boolean NOT NULL,
    expiry_date timestamp with time zone,
    hashed_key character varying(150) NOT NULL,
    prefix character varying(8) NOT NULL
);


ALTER TABLE public.rest_framework_api_key_apikey OWNER TO postgres;

--
-- Name: socialaccount_socialaccount; Type: TABLE; Schema: public; Owner: postgres
--

CREATE TABLE public.socialaccount_socialaccount (
    id integer NOT NULL,
    provider character varying(200) NOT NULL,
    uid character varying(191) NOT NULL,
    last_login timestamp with time zone NOT NULL,
    date_joined timestamp with time zone NOT NULL,
    extra_data jsonb NOT NULL,
    user_id bigint NOT NULL
);


ALTER TABLE public.socialaccount_socialaccount OWNER TO postgres;

--
-- Name: socialaccount_socialaccount_id_seq; Type: SEQUENCE; Schema: public; Owner: postgres
--

ALTER TABLE public.socialaccount_socialaccount ALTER COLUMN id ADD GENERATED BY DEFAULT AS IDENTITY (
    SEQUENCE NAME public.socialaccount_socialaccount_id_seq
    START WITH 1
    INCREMENT BY 1
    NO MINVALUE
    NO MAXVALUE
    CACHE 1
);


--
-- Name: socialaccount_socialapp; Type: TABLE; Schema: public; Owner: postgres
--

CREATE TABLE public.socialaccount_socialapp (
    id integer NOT NULL,
    provider character varying(30) NOT NULL,
    name character varying(40) NOT NULL,
    client_id character varying(191) NOT NULL,
    secret character varying(191) NOT NULL,
    key character varying(191) NOT NULL,
    provider_id character varying(200) NOT NULL,
    settings jsonb NOT NULL
);


ALTER TABLE public.socialaccount_socialapp OWNER TO postgres;

--
-- Name: socialaccount_socialapp_id_seq; Type: SEQUENCE; Schema: public; Owner: postgres
--

ALTER TABLE public.socialaccount_socialapp ALTER COLUMN id ADD GENERATED BY DEFAULT AS IDENTITY (
    SEQUENCE NAME public.socialaccount_socialapp_id_seq
    START WITH 1
    INCREMENT BY 1
    NO MINVALUE
    NO MAXVALUE
    CACHE 1
);


--
-- Name: socialaccount_socialtoken; Type: TABLE; Schema: public; Owner: postgres
--

CREATE TABLE public.socialaccount_socialtoken (
    id integer NOT NULL,
    token text NOT NULL,
    token_secret text NOT NULL,
    expires_at timestamp with time zone,
    account_id integer NOT NULL,
    app_id integer
);


ALTER TABLE public.socialaccount_socialtoken OWNER TO postgres;

--
-- Name: socialaccount_socialtoken_id_seq; Type: SEQUENCE; Schema: public; Owner: postgres
--

ALTER TABLE public.socialaccount_socialtoken ALTER COLUMN id ADD GENERATED BY DEFAULT AS IDENTITY (
    SEQUENCE NAME public.socialaccount_socialtoken_id_seq
    START WITH 1
    INCREMENT BY 1
    NO MINVALUE
    NO MAXVALUE
    CACHE 1
);


--
-- Data for Name: account_emailaddress; Type: TABLE DATA; Schema: public; Owner: postgres
--

COPY public.account_emailaddress (id, email, verified, "primary", user_id) FROM stdin;
2	matnazarovmatnazar450@gmail.com	t	t	10
\.


--
-- Data for Name: account_emailconfirmation; Type: TABLE DATA; Schema: public; Owner: postgres
--

COPY public.account_emailconfirmation (id, created, sent, key, email_address_id) FROM stdin;
\.


--
-- Data for Name: accounts_customuser; Type: TABLE DATA; Schema: public; Owner: postgres
--

COPY public.accounts_customuser (id, password, username, email, first_name, last_name, phone_number, picture, role, is_active, is_staff, is_superuser, is_online, end_of_session, last_login, date_joined) FROM stdin;
1	pbkdf2_sha256$870000$7bBKFO5J0Oqcwjwqz6eukB$vY+DgXgf6LVnT1a5OjeyrppRmimitRr0vB9NS/yRJ3M=	Matnazar	matnazaradmin@gmail.com	Matnazar	Matnazarov	\N	users/admin_.webp	ADMIN	t	t	t	f	\N	2025-04-29 14:02:23.667093+05	2025-03-02 20:31:04.588382+05
2	pbkdf2_sha256$870000$F0IoLxj9eZkAF1dUSap7uC$6rq7qw63Wx8rxAexK515CE+EhJL4h0n6Dt08uko32gE=	Admin	\N	\N	\N	\N	users/default-avatar.png	MASTER	t	t	t	f	\N	2025-03-14 10:10:04.062804+05	2025-03-02 22:34:22.751166+05
11	pbkdf2_sha256$870000$HUR1Gl3X6bVy2uuxqmuHAm$pLm1vcRmqN4822fQGFr+MN2+khxtgAPBIvCgGQ0rXj8=	Matnazar04	matnazarmatnazarov3@gmail.com				users/default-avatar.png	CLIENT	t	f	f	f	\N	\N	2025-04-24 10:31:44.1758+05
10	pbkdf2_sha256$870000$Rzjvtg1ZYZ8wKQKlwZHUWY$rKognYyM8v2aQ2SGWl+/SgAzxiLIxbfx/nLZ6yRIlrk=	matnazarovmatnazar450	matnazarovmatnazar450@gmail.com	Matnazar	Matnazarov	\N	users/default-avatar.png	CLIENT	t	f	f	f	\N	\N	2025-04-22 14:25:45.84532+05
\.


--
-- Data for Name: accounts_customuser_groups; Type: TABLE DATA; Schema: public; Owner: postgres
--

COPY public.accounts_customuser_groups (id, customuser_id, group_id) FROM stdin;
\.


--
-- Data for Name: accounts_customuser_user_permissions; Type: TABLE DATA; Schema: public; Owner: postgres
--

COPY public.accounts_customuser_user_permissions (id, customuser_id, permission_id) FROM stdin;
1	1	42
\.


--
-- Data for Name: accounts_historicalcustomuser; Type: TABLE DATA; Schema: public; Owner: postgres
--

COPY public.accounts_historicalcustomuser (id, password, username, email, first_name, last_name, phone_number, picture, role, is_active, is_staff, is_superuser, is_online, end_of_session, last_login, date_joined, history_id, history_date, history_change_reason, history_type, history_user_id) FROM stdin;
1	pbkdf2_sha256$870000$7bBKFO5J0Oqcwjwqz6eukB$vY+DgXgf6LVnT1a5OjeyrppRmimitRr0vB9NS/yRJ3M=	Matnazar	matnazaradmin@gmail.com	\N	\N	\N	users/default-avatar.png	ADMIN	t	t	t	f	\N	2025-03-28 12:10:50.185976+05	2025-03-02 20:31:04.588382+05	1	2025-03-28 12:10:50.189959+05	\N	~	\N
1	pbkdf2_sha256$870000$7bBKFO5J0Oqcwjwqz6eukB$vY+DgXgf6LVnT1a5OjeyrppRmimitRr0vB9NS/yRJ3M=	Matnazar	matnazaradmin@gmail.com	\N	\N	\N	users/default-avatar.png	ADMIN	t	t	t	f	\N	2025-04-14 09:56:54.2304+05	2025-03-02 20:31:04.588382+05	2	2025-04-14 09:56:54.234279+05	\N	~	\N
1	pbkdf2_sha256$870000$7bBKFO5J0Oqcwjwqz6eukB$vY+DgXgf6LVnT1a5OjeyrppRmimitRr0vB9NS/yRJ3M=	Matnazar	matnazaradmin@gmail.com	\N	\N	\N	users/default-avatar.png	ADMIN	t	t	t	f	\N	2025-04-20 19:49:56.701969+05	2025-03-02 20:31:04.588382+05	3	2025-04-20 19:49:56.70531+05	\N	~	\N
5	pbkdf2_sha256$870000$EH5Mg8TDKaL9LQaYfdmvTI$4DbJkSFex3T3sZIm6cPJe4zLfeZLscF3QLBC0nuyX+Y=	Matnazar04	matnazarmatnazarov3@gmail.com	\N	\N	\N	users/default-avatar.png	CLIENT	t	f	f	f	\N	\N	2025-03-06 15:05:45.628135+05	4	2025-04-20 20:50:49.018895+05	\N	-	\N
9	pbkdf2_sha256$870000$QFIBjHly153twJXj87auEe$lL7El+O53qTjwOUbstdpXc+17x7xKTvI5KoDG8GojQs=	matnazarmatnazarov3	matnazarmatnazarov3@gmail.com	Matnazar	Matnazarov	\N	users/default-avatar.png	CLIENT	t	f	f	f	\N	\N	2025-04-21 17:33:01.284532+05	5	2025-04-21 17:33:01.289725+05	\N	+	\N
1	pbkdf2_sha256$870000$7bBKFO5J0Oqcwjwqz6eukB$vY+DgXgf6LVnT1a5OjeyrppRmimitRr0vB9NS/yRJ3M=	Matnazar	matnazaradmin@gmail.com	\N	\N	\N	users/default-avatar.png	ADMIN	t	t	t	f	\N	2025-04-21 17:34:03.163552+05	2025-03-02 20:31:04.588382+05	6	2025-04-21 17:34:03.167231+05	\N	~	\N
1	pbkdf2_sha256$870000$7bBKFO5J0Oqcwjwqz6eukB$vY+DgXgf6LVnT1a5OjeyrppRmimitRr0vB9NS/yRJ3M=	Matnazar	matnazaradmin@gmail.com	\N	\N	\N	users/default-avatar.png	ADMIN	t	t	t	f	\N	2025-04-22 14:14:47.795993+05	2025-03-02 20:31:04.588382+05	7	2025-04-22 14:14:47.800534+05	\N	~	\N
8	pbkdf2_sha256$870000$aiRfIZ1ZbhC8kMm3vWveng$SzzZvztzVKwGVCSPZyHGK6yc7PE4noi2yGBccnihwdA=	Test12	matnazarovmatnazar450@gmail.com	\N	\N	\N	users/default-avatar.png	MASTER	t	f	f	f	\N	\N	2025-03-07 01:47:52.888788+05	8	2025-04-22 14:15:00.017973+05	\N	-	\N
10	pbkdf2_sha256$870000$Rzjvtg1ZYZ8wKQKlwZHUWY$rKognYyM8v2aQ2SGWl+/SgAzxiLIxbfx/nLZ6yRIlrk=	matnazarovmatnazar450	matnazarovmatnazar450@gmail.com	Matnazar	Matnazarov	\N	users/default-avatar.png	CLIENT	t	f	f	f	\N	\N	2025-04-22 14:25:45.84532+05	9	2025-04-22 14:25:45.850299+05	\N	+	\N
1	pbkdf2_sha256$870000$7bBKFO5J0Oqcwjwqz6eukB$vY+DgXgf6LVnT1a5OjeyrppRmimitRr0vB9NS/yRJ3M=	Matnazar	matnazaradmin@gmail.com	\N	\N	\N	users/default-avatar.png	ADMIN	t	t	t	f	\N	2025-04-24 10:28:35.501885+05	2025-03-02 20:31:04.588382+05	10	2025-04-24 10:28:35.503772+05	\N	~	\N
9	pbkdf2_sha256$870000$QFIBjHly153twJXj87auEe$lL7El+O53qTjwOUbstdpXc+17x7xKTvI5KoDG8GojQs=	matnazarmatnazarov3	matnazarmatnazarov3@gmail.com	Matnazar	Matnazarov	\N	users/default-avatar.png	CLIENT	t	f	f	f	\N	\N	2025-04-21 17:33:01.284532+05	11	2025-04-24 10:28:48.759643+05	\N	-	\N
11	pbkdf2_sha256$870000$HUR1Gl3X6bVy2uuxqmuHAm$pLm1vcRmqN4822fQGFr+MN2+khxtgAPBIvCgGQ0rXj8=	Matnazar04	matnazarmatnazarov3@gmail.com				users/default-avatar.png	CLIENT	f	f	f	f	\N	\N	2025-04-24 10:31:44.1758+05	12	2025-04-24 10:31:44.178432+05	\N	+	\N
11	pbkdf2_sha256$870000$HUR1Gl3X6bVy2uuxqmuHAm$pLm1vcRmqN4822fQGFr+MN2+khxtgAPBIvCgGQ0rXj8=	Matnazar04	matnazarmatnazarov3@gmail.com				users/default-avatar.png	CLIENT	t	f	f	f	\N	\N	2025-04-24 10:31:44.1758+05	13	2025-04-24 10:32:40.826779+05	\N	~	\N
1	pbkdf2_sha256$870000$7bBKFO5J0Oqcwjwqz6eukB$vY+DgXgf6LVnT1a5OjeyrppRmimitRr0vB9NS/yRJ3M=	Matnazar	matnazaradmin@gmail.com	\N	\N	\N	users/default-avatar.png	ADMIN	t	t	t	f	\N	2025-04-26 21:53:47.921416+05	2025-03-02 20:31:04.588382+05	14	2025-04-26 21:53:47.925477+05	\N	~	\N
10	pbkdf2_sha256$870000$Rzjvtg1ZYZ8wKQKlwZHUWY$rKognYyM8v2aQ2SGWl+/SgAzxiLIxbfx/nLZ6yRIlrk=	matnazarovmatnazar450	matnazarovmatnazar450@gmail.com	Matnazar	Matnazarov	\N	users/default-avatar.png	CLIENT	t	f	f	f	\N	\N	2025-04-22 14:25:45.84532+05	15	2025-04-26 23:16:20.624158+05	\N	~	\N
1	pbkdf2_sha256$870000$7bBKFO5J0Oqcwjwqz6eukB$vY+DgXgf6LVnT1a5OjeyrppRmimitRr0vB9NS/yRJ3M=	Matnazar	matnazaradmin@gmail.com	Matnazar	Matnazarov	\N	users/default-avatar.png	ADMIN	t	t	t	f	\N	2025-04-26 21:53:47.921416+05	2025-03-02 20:31:04.588382+05	16	2025-04-26 23:22:31.279413+05	\N	~	\N
1	pbkdf2_sha256$870000$7bBKFO5J0Oqcwjwqz6eukB$vY+DgXgf6LVnT1a5OjeyrppRmimitRr0vB9NS/yRJ3M=	Matnazar	matnazaradmin@gmail.com	Matnazar	Matnazarov	\N	users/default-avatar.png	ADMIN	t	t	t	f	\N	2025-04-27 14:34:12.388282+05	2025-03-02 20:31:04.588382+05	17	2025-04-27 14:34:12.393017+05	\N	~	\N
1	pbkdf2_sha256$870000$7bBKFO5J0Oqcwjwqz6eukB$vY+DgXgf6LVnT1a5OjeyrppRmimitRr0vB9NS/yRJ3M=	Matnazar	matnazaradmin@gmail.com	Matnazar	Matnazarov	\N	users/default-avatar.png	ADMIN	t	t	t	f	\N	2025-04-27 16:05:54.14703+05	2025-03-02 20:31:04.588382+05	18	2025-04-27 16:05:54.151437+05	\N	~	\N
1	pbkdf2_sha256$870000$7bBKFO5J0Oqcwjwqz6eukB$vY+DgXgf6LVnT1a5OjeyrppRmimitRr0vB9NS/yRJ3M=	Matnazar	matnazaradmin@gmail.com	Matnazar	Matnazarov	\N	users/default-avatar.png	ADMIN	t	t	t	f	\N	2025-04-28 08:29:42.677668+05	2025-03-02 20:31:04.588382+05	19	2025-04-28 08:29:42.681096+05	\N	~	\N
1	pbkdf2_sha256$870000$7bBKFO5J0Oqcwjwqz6eukB$vY+DgXgf6LVnT1a5OjeyrppRmimitRr0vB9NS/yRJ3M=	Matnazar	matnazaradmin@gmail.com	Matnazar	Matnazarov	\N	users/default-avatar.png	ADMIN	t	t	t	f	\N	2025-04-28 08:29:43.642577+05	2025-03-02 20:31:04.588382+05	20	2025-04-28 08:29:43.644979+05	\N	~	\N
1	pbkdf2_sha256$870000$7bBKFO5J0Oqcwjwqz6eukB$vY+DgXgf6LVnT1a5OjeyrppRmimitRr0vB9NS/yRJ3M=	Matnazar	matnazaradmin@gmail.com	Matnazar	Matnazarov	\N	users/default-avatar.png	ADMIN	t	t	t	f	\N	2025-04-28 11:53:12.358873+05	2025-03-02 20:31:04.588382+05	21	2025-04-28 11:53:12.362025+05	\N	~	\N
1	pbkdf2_sha256$870000$7bBKFO5J0Oqcwjwqz6eukB$vY+DgXgf6LVnT1a5OjeyrppRmimitRr0vB9NS/yRJ3M=	Matnazar	matnazaradmin@gmail.com	Matnazar	Matnazarov	\N	users/default-avatar.png	ADMIN	t	t	t	f	\N	2025-04-28 11:53:12.358873+05	2025-03-02 20:31:04.588382+05	22	2025-04-28 11:56:36.53946+05	\N	~	\N
1	pbkdf2_sha256$870000$7bBKFO5J0Oqcwjwqz6eukB$vY+DgXgf6LVnT1a5OjeyrppRmimitRr0vB9NS/yRJ3M=	Matnazar	matnazaradmin@gmail.com	Matnazar	Matnazarov	\N	users/admin_.webp	ADMIN	t	t	t	f	\N	2025-04-28 11:53:12.358873+05	2025-03-02 20:31:04.588382+05	23	2025-04-28 12:07:20.314741+05	\N	~	\N
1	pbkdf2_sha256$870000$7bBKFO5J0Oqcwjwqz6eukB$vY+DgXgf6LVnT1a5OjeyrppRmimitRr0vB9NS/yRJ3M=	Matnazar	matnazaradmin@gmail.com	Matnazar	Matnazarov	\N	users/admin_.webp	ADMIN	t	t	t	f	\N	2025-04-29 13:41:06.195528+05	2025-03-02 20:31:04.588382+05	24	2025-04-29 13:41:06.198234+05	\N	~	\N
1	pbkdf2_sha256$870000$7bBKFO5J0Oqcwjwqz6eukB$vY+DgXgf6LVnT1a5OjeyrppRmimitRr0vB9NS/yRJ3M=	Matnazar	matnazaradmin@gmail.com	Matnazar	Matnazarov	\N	users/admin_.webp	ADMIN	t	t	t	f	\N	2025-04-29 14:02:23.667093+05	2025-03-02 20:31:04.588382+05	25	2025-04-29 14:02:23.6689+05	\N	~	\N
\.


--
-- Data for Name: accounts_like; Type: TABLE DATA; Schema: public; Owner: postgres
--

COPY public.accounts_like (id, guid, created_at, updated_at, is_active, is_deleted, is_like, master_id, user_id) FROM stdin;
\.


--
-- Data for Name: announcements_announcement; Type: TABLE DATA; Schema: public; Owner: postgres
--

COPY public.announcements_announcement (id, guid, created_at, updated_at, is_active, is_deleted, name, title, description, location, address, industry, slug, client_id) FROM stdin;
1	b0b3494b-e342-4b5a-98aa-f2e6e696b1f3	2025-03-11 14:46:37.200523+05	2025-03-11 14:46:37.200546+05	t	f	test	test	test	0101000020E61000002C722EDC55051440B42476DD1D7E4740	\N	\N	b0b3494b-e342-4b5a-98aa-f2e6e6-test-test	1
2	4434f061-bd03-450d-ad65-4866b7456ed3	2025-03-11 17:19:37.51955+05	2025-04-29 13:41:56.45677+05	f	f	Test e'lon	Yangi e'lon	E'lon tafsilotlari	0101000020E61000003078DB2EE44E51402F4AAC101BA64440	Toshkent, Uzbekistan	{"type": "Software", "sector": "IT"}	4434f061-bd03-450d-ad65-4866b7-test-elon-yangi-elon	1
\.


--
-- Data for Name: auth_group; Type: TABLE DATA; Schema: public; Owner: postgres
--

COPY public.auth_group (id, name) FROM stdin;
\.


--
-- Data for Name: auth_group_permissions; Type: TABLE DATA; Schema: public; Owner: postgres
--

COPY public.auth_group_permissions (id, group_id, permission_id) FROM stdin;
\.


--
-- Data for Name: auth_permission; Type: TABLE DATA; Schema: public; Owner: postgres
--

COPY public.auth_permission (id, name, content_type_id, codename) FROM stdin;
1	Can add log entry	1	add_logentry
2	Can change log entry	1	change_logentry
3	Can delete log entry	1	delete_logentry
4	Can view log entry	1	view_logentry
5	Can add permission	2	add_permission
6	Can change permission	2	change_permission
7	Can delete permission	2	delete_permission
8	Can view permission	2	view_permission
9	Can add group	3	add_group
10	Can change group	3	change_group
11	Can delete group	3	delete_group
12	Can view group	3	view_group
13	Can add content type	4	add_contenttype
14	Can change content type	4	change_contenttype
15	Can delete content type	4	delete_contenttype
16	Can view content type	4	view_contenttype
17	Can add session	5	add_session
18	Can change session	5	change_session
19	Can delete session	5	delete_session
20	Can view session	5	view_session
21	Can add captcha store	6	add_captchastore
22	Can change captcha store	6	change_captchastore
23	Can delete captcha store	6	delete_captchastore
24	Can view captcha store	6	view_captchastore
25	Can add Blacklisted IP	7	add_blacklistip
26	Can change Blacklisted IP	7	change_blacklistip
27	Can delete Blacklisted IP	7	delete_blacklistip
28	Can view Blacklisted IP	7	view_blacklistip
29	Can add Blacklisted User Agent	8	add_blacklistuseragent
30	Can change Blacklisted User Agent	8	change_blacklistuseragent
31	Can delete Blacklisted User Agent	8	delete_blacklistuseragent
32	Can view Blacklisted User Agent	8	view_blacklistuseragent
33	Can add hit	9	add_hit
34	Can change hit	9	change_hit
35	Can delete hit	9	delete_hit
36	Can view hit	9	view_hit
37	Can add hit count	10	add_hitcount
38	Can change hit count	10	change_hitcount
39	Can delete hit count	10	delete_hitcount
40	Can view hit count	10	view_hitcount
41	Can add email address	11	add_emailaddress
42	Can change email address	11	change_emailaddress
43	Can delete email address	11	delete_emailaddress
44	Can view email address	11	view_emailaddress
45	Can add email confirmation	12	add_emailconfirmation
46	Can change email confirmation	12	change_emailconfirmation
47	Can delete email confirmation	12	delete_emailconfirmation
48	Can view email confirmation	12	view_emailconfirmation
49	Can add social account	13	add_socialaccount
50	Can change social account	13	change_socialaccount
51	Can delete social account	13	delete_socialaccount
52	Can view social account	13	view_socialaccount
53	Can add social application	14	add_socialapp
54	Can change social application	14	change_socialapp
55	Can delete social application	14	delete_socialapp
56	Can view social application	14	view_socialapp
57	Can add social application token	15	add_socialtoken
58	Can change social application token	15	change_socialtoken
59	Can delete social application token	15	delete_socialtoken
60	Can view social application token	15	view_socialtoken
61	Can add custom user	16	add_customuser
62	Can change custom user	16	change_customuser
63	Can delete custom user	16	delete_customuser
64	Can view custom user	16	view_customuser
65	Can add like	17	add_like
66	Can change like	17	change_like
67	Can delete like	17	delete_like
68	Can view like	17	view_like
69	Can add Announcement	18	add_announcement
70	Can change Announcement	18	change_announcement
71	Can delete Announcement	18	delete_announcement
72	Can view Announcement	18	view_announcement
73	Can add Image	19	add_image
74	Can change Image	19	change_image
75	Can delete Image	19	delete_image
76	Can view Image	19	view_image
77	Can add chat	20	add_chat
78	Can change chat	20	change_chat
79	Can delete chat	20	delete_chat
80	Can view chat	20	view_chat
81	Can add connect announcement	21	add_connectannouncement
82	Can change connect announcement	21	change_connectannouncement
83	Can delete connect announcement	21	delete_connectannouncement
84	Can view connect announcement	21	view_connectannouncement
85	Can add Industry	22	add_industry
86	Can change Industry	22	change_industry
87	Can delete Industry	22	delete_industry
88	Can view Industry	22	view_industry
89	Can add Industry User	23	add_industryuser
90	Can change Industry User	23	change_industryuser
91	Can delete Industry User	23	delete_industryuser
92	Can view Industry User	23	view_industryuser
93	Can add API key	24	add_apikey
94	Can change API key	24	change_apikey
95	Can delete API key	24	delete_apikey
96	Can view API key	24	view_apikey
97	Can add Token	25	add_token
98	Can change Token	25	change_token
99	Can delete Token	25	delete_token
100	Can view Token	25	view_token
101	Can add Token	26	add_tokenproxy
102	Can change Token	26	change_tokenproxy
103	Can delete Token	26	delete_tokenproxy
104	Can view Token	26	view_tokenproxy
105	Can add historical custom user	27	add_historicalcustomuser
106	Can change historical custom user	27	change_historicalcustomuser
107	Can delete historical custom user	27	delete_historicalcustomuser
108	Can view historical custom user	27	view_historicalcustomuser
109	Can add crontab	28	add_crontabschedule
110	Can change crontab	28	change_crontabschedule
111	Can delete crontab	28	delete_crontabschedule
112	Can view crontab	28	view_crontabschedule
113	Can add interval	29	add_intervalschedule
114	Can change interval	29	change_intervalschedule
115	Can delete interval	29	delete_intervalschedule
116	Can view interval	29	view_intervalschedule
117	Can add periodic task	30	add_periodictask
118	Can change periodic task	30	change_periodictask
119	Can delete periodic task	30	delete_periodictask
120	Can view periodic task	30	view_periodictask
121	Can add periodic task track	31	add_periodictasks
122	Can change periodic task track	31	change_periodictasks
123	Can delete periodic task track	31	delete_periodictasks
124	Can view periodic task track	31	view_periodictasks
125	Can add solar event	32	add_solarschedule
126	Can change solar event	32	change_solarschedule
127	Can delete solar event	32	delete_solarschedule
128	Can view solar event	32	view_solarschedule
129	Can add clocked	33	add_clockedschedule
130	Can change clocked	33	change_clockedschedule
131	Can delete clocked	33	delete_clockedschedule
132	Can view clocked	33	view_clockedschedule
\.


--
-- Data for Name: authtoken_token; Type: TABLE DATA; Schema: public; Owner: postgres
--

COPY public.authtoken_token (key, created, user_id) FROM stdin;
\.


--
-- Data for Name: captcha_captchastore; Type: TABLE DATA; Schema: public; Owner: postgres
--

COPY public.captcha_captchastore (id, challenge, response, hashkey, expiration) FROM stdin;
\.


--
-- Data for Name: chat_chat; Type: TABLE DATA; Schema: public; Owner: postgres
--

COPY public.chat_chat (id, guid, created_at, updated_at, is_active, is_deleted, message, image, client_id, connect_announcement_id, master_id) FROM stdin;
\.


--
-- Data for Name: connect_announcements_connectannouncement; Type: TABLE DATA; Schema: public; Owner: postgres
--

COPY public.connect_announcements_connectannouncement (id, guid, created_at, updated_at, is_active, is_deleted, star, comment, announcement_id, master_id) FROM stdin;
\.


--
-- Data for Name: django_admin_log; Type: TABLE DATA; Schema: public; Owner: postgres
--

COPY public.django_admin_log (id, action_time, object_id, object_repr, action_flag, change_message, content_type_id, user_id) FROM stdin;
1	2025-03-02 20:38:48.683906+05	1	Matnazar	2	[{"changed": {"fields": ["Role"]}}]	16	1
2	2025-03-06 14:42:34.529656+05	3	Matnazar04	3		16	1
3	2025-03-06 15:04:54.841042+05	4	Matnazar04	3		16	1
4	2025-03-07 14:47:00.004207+05	8	Test12	2	[{"changed": {"fields": ["Role"]}}]	16	1
5	2025-03-07 15:09:51.254202+05	1	Industry(27a0bf8a-b759-4bd5-ad86-cf5914e8ff36)	1	[{"added": {}}]	22	1
6	2025-03-07 15:12:12.499765+05	1	IndustryUser(ff6894da-ad75-4166-a92c-ac02f6eeaef8)	1	[{"added": {}}]	23	1
7	2025-03-11 14:46:37.213006+05	1	Announcement(b0b3494b-e342-4b5a-98aa-f2e6e696b1f3)	1	[{"added": {}}]	18	1
8	2025-03-12 09:31:50.476809+05	EQxaynFN.pbkdf2_sha256$870000$utqvsJc7iGIYxMOfJ9g1hx$9rBs2qCOQbj/tswVCvjVnJjvkGHCedroCzC/rCj/KSA=	Testlash	1	[{"added": {}}]	24	1
9	2025-03-12 09:32:23.142338+05	EQxaynFN.pbkdf2_sha256$870000$utqvsJc7iGIYxMOfJ9g1hx$9rBs2qCOQbj/tswVCvjVnJjvkGHCedroCzC/rCj/KSA=	Testlash	2	[]	24	1
10	2025-03-12 09:32:33.720257+05	EQxaynFN.pbkdf2_sha256$870000$utqvsJc7iGIYxMOfJ9g1hx$9rBs2qCOQbj/tswVCvjVnJjvkGHCedroCzC/rCj/KSA=	Testlash	3		24	1
11	2025-03-12 09:32:46.820431+05	SegGq8Ud.pbkdf2_sha256$870000$Hrt6AVhIUx0NbxWz8iz4w5$Jt8r1lsWpNogRLx3TbF2U4Qlp2Nb1sAFcYDfWI/Cgsg=	Telash	1	[{"added": {}}]	24	1
12	2025-03-13 16:23:05.202891+05	2	Admin	2	[{"changed": {"fields": ["Role"]}}]	16	1
13	2025-03-13 16:25:13.2408+05	2	electrik	1	[{"added": {}}]	22	1
14	2025-03-13 16:25:21.606675+05	3	santexnik	1	[{"added": {}}]	22	1
15	2025-03-13 16:25:53.488796+05	4	suvarchik	1	[{"added": {}}]	22	1
16	2025-03-13 16:27:14.370211+05	2	Admin - electrik- 0.0	1	[{"added": {}}]	23	1
17	2025-03-13 16:27:38.53149+05	3	Admin - santexnik- 0.0	1	[{"added": {}}]	23	1
18	2025-03-13 16:28:46.077034+05	4	Admin - suvoqchi- 0.0	1	[{"added": {}}]	23	1
19	2025-03-14 08:49:08.575487+05	1	Like(7489d0b4-87de-4cad-8f08-a291f7f47da8)	1	[{"added": {}}]	17	1
20	2025-03-14 09:15:35.034532+05	2	Like(10d2d7d1-6f13-4a82-b14b-af8228bc7698)	1	[{"added": {}}]	17	1
21	2025-03-14 09:25:53.02167+05	2	Like(10d2d7d1-6f13-4a82-b14b-af8228bc7698)	2	[{"changed": {"fields": ["Is like"]}}]	17	1
22	2025-03-14 09:27:20.516685+05	2	Like(10d2d7d1-6f13-4a82-b14b-af8228bc7698)	2	[{"changed": {"fields": ["Is like"]}}]	17	1
23	2025-03-14 09:28:17.194175+05	2	Like(10d2d7d1-6f13-4a82-b14b-af8228bc7698)	2	[{"changed": {"fields": ["Is like"]}}]	17	1
24	2025-03-14 09:47:02.56449+05	2	Like(10d2d7d1-6f13-4a82-b14b-af8228bc7698)	2	[{"changed": {"fields": ["Is like"]}}]	17	1
25	2025-03-14 09:47:20.960885+05	2	Like(10d2d7d1-6f13-4a82-b14b-af8228bc7698)	2	[{"changed": {"fields": ["Is like"]}}]	17	1
26	2025-03-14 09:48:31.67502+05	2	Like(10d2d7d1-6f13-4a82-b14b-af8228bc7698)	2	[{"changed": {"fields": ["Is like"]}}]	17	1
27	2025-03-14 09:48:43.271115+05	2	Like(10d2d7d1-6f13-4a82-b14b-af8228bc7698)	2	[{"changed": {"fields": ["Is like"]}}]	17	1
28	2025-03-14 09:52:06.325658+05	2	Like(10d2d7d1-6f13-4a82-b14b-af8228bc7698)	2	[{"changed": {"fields": ["Is like"]}}]	17	1
29	2025-03-14 09:52:28.798408+05	2	Like(10d2d7d1-6f13-4a82-b14b-af8228bc7698)	2	[{"changed": {"fields": ["Is like"]}}]	17	1
30	2025-03-14 09:53:37.825229+05	2	Like(10d2d7d1-6f13-4a82-b14b-af8228bc7698)	2	[]	17	1
31	2025-03-14 09:57:45.522041+05	2	Like(10d2d7d1-6f13-4a82-b14b-af8228bc7698)	2	[]	17	1
32	2025-03-14 10:01:30.734216+05	2	Like(10d2d7d1-6f13-4a82-b14b-af8228bc7698)	2	[]	17	1
33	2025-03-14 10:04:07.332767+05	2	Like(10d2d7d1-6f13-4a82-b14b-af8228bc7698)	2	[{"changed": {"fields": ["Is like"]}}]	17	1
34	2025-03-14 10:04:35.356503+05	2	Like(10d2d7d1-6f13-4a82-b14b-af8228bc7698)	2	[]	17	1
35	2025-03-14 10:06:46.034091+05	2	Like(10d2d7d1-6f13-4a82-b14b-af8228bc7698)	2	[]	17	1
36	2025-03-14 10:07:09.018379+05	2	Like(10d2d7d1-6f13-4a82-b14b-af8228bc7698)	2	[{"changed": {"fields": ["Is like"]}}]	17	1
37	2025-03-14 10:10:39.630573+05	2	Like(10d2d7d1-6f13-4a82-b14b-af8228bc7698)	2	[{"changed": {"fields": ["Is like"]}}]	17	2
38	2025-03-14 10:12:13.408902+05	2	Like(10d2d7d1-6f13-4a82-b14b-af8228bc7698)	2	[]	17	2
39	2025-03-14 10:14:09.230759+05	2	Like(10d2d7d1-6f13-4a82-b14b-af8228bc7698)	2	[]	17	2
40	2025-03-14 10:14:49.962736+05	2	Like(10d2d7d1-6f13-4a82-b14b-af8228bc7698)	2	[]	17	2
41	2025-03-14 10:15:09.375016+05	2	Like(10d2d7d1-6f13-4a82-b14b-af8228bc7698)	2	[{"changed": {"fields": ["Is like"]}}]	17	2
42	2025-03-14 10:16:01.04254+05	2	Like(10d2d7d1-6f13-4a82-b14b-af8228bc7698)	2	[{"changed": {"fields": ["Is like"]}}]	17	2
43	2025-03-14 10:29:41.109786+05	2	Like(10d2d7d1-6f13-4a82-b14b-af8228bc7698)	2	[{"changed": {"fields": ["Is like"]}}]	17	2
44	2025-03-14 10:29:58.228182+05	2	Like(10d2d7d1-6f13-4a82-b14b-af8228bc7698)	2	[{"changed": {"fields": ["Is like"]}}]	17	2
45	2025-03-14 11:12:31.479468+05	2	Like(10d2d7d1-6f13-4a82-b14b-af8228bc7698)	2	[]	17	2
46	2025-03-16 21:47:53.943723+05	2	Like(10d2d7d1-6f13-4a82-b14b-af8228bc7698)	2	[{"changed": {"fields": ["Is like"]}}]	17	2
47	2025-03-16 21:48:17.509551+05	2	Like(10d2d7d1-6f13-4a82-b14b-af8228bc7698)	2	[{"changed": {"fields": ["Is like"]}}]	17	2
48	2025-03-16 21:48:29.150857+05	2	Like(10d2d7d1-6f13-4a82-b14b-af8228bc7698)	2	[]	17	2
49	2025-03-16 21:48:40.487802+05	2	Like(10d2d7d1-6f13-4a82-b14b-af8228bc7698)	2	[{"changed": {"fields": ["Is like"]}}]	17	2
50	2025-03-16 21:50:22.828519+05	3	Like(babd3f82-c350-4598-bc61-ad663baf0849)	1	[{"added": {}}]	17	2
51	2025-03-16 21:52:14.943882+05	3	Like(babd3f82-c350-4598-bc61-ad663baf0849)	2	[{"changed": {"fields": ["Is like"]}}]	17	2
52	2025-03-16 21:52:26.417184+05	2	Like(10d2d7d1-6f13-4a82-b14b-af8228bc7698)	2	[{"changed": {"fields": ["Is like"]}}]	17	2
53	2025-03-16 21:53:32.228146+05	2	Like(10d2d7d1-6f13-4a82-b14b-af8228bc7698)	2	[{"changed": {"fields": ["Is like"]}}]	17	2
54	2025-03-16 21:53:38.004396+05	3	Like(babd3f82-c350-4598-bc61-ad663baf0849)	2	[{"changed": {"fields": ["Is like"]}}]	17	2
55	2025-03-16 21:54:37.641259+05	3	Like(babd3f82-c350-4598-bc61-ad663baf0849)	2	[{"changed": {"fields": ["Is like"]}}]	17	2
56	2025-04-14 09:57:01.857353+05	nzgEqTKe.pbkdf2_sha256$870000$4Zob4uR37djubN96zwWPlJ$Qw7pNw0XNH6+wQFfx0zUY2T/SakDX6e6FB/GDm47/C0=	Test2	1	[{"added": {}}]	24	1
57	2025-04-20 19:51:06.826906+05	kufQGmDG.pbkdf2_sha256$870000$IXJGpDm2tyfrIkEcsaUdc7$osqMGQDMm3OO15LVW7qSmlKvAYZY9LSxzqfKJoWvRq4=	Frontend	1	[{"added": {}}]	24	1
58	2025-04-20 20:50:48.943055+05	5	Matnazar04	3		16	1
59	2025-04-22 14:14:59.960333+05	8	Test12	3		16	1
60	2025-04-22 14:15:42.355131+05	4	Like(d6f4c86f-57ea-484a-94bb-a3049783acbf)	1	[{"added": {}}]	17	1
61	2025-04-24 10:28:48.741411+05	9	matnazarmatnazarov3	3		16	1
62	2025-04-26 22:06:03.519402+05	2	Announcement(4434f061-bd03-450d-ad65-4866b7456ed3)	2	[]	18	1
63	2025-04-26 23:16:20.660506+05	10	matnazarovmatnazar450	2	[]	16	1
64	2025-04-26 23:22:31.314803+05	1	Matnazar	2	[{"changed": {"fields": ["First name", "Last name", "User permissions"]}}]	16	1
65	2025-04-27 16:03:06.748605+05	2	Announcement(4434f061-bd03-450d-ad65-4866b7456ed3)	2	[]	18	1
66	2025-04-27 16:04:18.651358+05	2	Announcement(4434f061-bd03-450d-ad65-4866b7456ed3)	2	[{"changed": {"fields": ["Location"]}}]	18	1
67	2025-04-28 08:32:47.656204+05	2	Announcement(4434f061-bd03-450d-ad65-4866b7456ed3)	2	[]	18	1
68	2025-04-28 11:56:36.55654+05	1	Matnazar	2	[]	16	1
69	2025-04-28 12:07:20.327964+05	1	Matnazar	2	[{"changed": {"fields": ["Picture"]}}]	16	1
70	2025-04-29 13:41:56.460564+05	2	Announcement(4434f061-bd03-450d-ad65-4866b7456ed3)	2	[]	18	1
\.


--
-- Data for Name: django_celery_beat_clockedschedule; Type: TABLE DATA; Schema: public; Owner: postgres
--

COPY public.django_celery_beat_clockedschedule (id, clocked_time) FROM stdin;
\.


--
-- Data for Name: django_celery_beat_crontabschedule; Type: TABLE DATA; Schema: public; Owner: postgres
--

COPY public.django_celery_beat_crontabschedule (id, minute, hour, day_of_week, day_of_month, month_of_year, timezone) FROM stdin;
1	0	4	*	*	*	Asia/Tashkent
\.


--
-- Data for Name: django_celery_beat_intervalschedule; Type: TABLE DATA; Schema: public; Owner: postgres
--

COPY public.django_celery_beat_intervalschedule (id, every, period) FROM stdin;
1	300	seconds
\.


--
-- Data for Name: django_celery_beat_periodictask; Type: TABLE DATA; Schema: public; Owner: postgres
--

COPY public.django_celery_beat_periodictask (id, name, task, args, kwargs, queue, exchange, routing_key, expires, enabled, last_run_at, total_run_count, date_changed, description, crontab_id, interval_id, solar_id, one_off, start_time, priority, headers, clocked_id, expire_seconds) FROM stdin;
1	celery.backend_cleanup	celery.backend_cleanup	[]	{}	\N	\N	\N	\N	t	\N	0	2025-04-28 11:53:05.488259+05		1	\N	\N	f	\N	\N	{}	\N	43200
2	cleanup-expired-tokens	accounts.tasks.cleanup_expired_verification_tokens	[]	{}	\N	\N	\N	\N	t	2025-04-28 12:08:05.70682+05	17	2025-04-28 12:08:20.821745+05		\N	1	\N	f	\N	\N	{}	\N	\N
\.


--
-- Data for Name: django_celery_beat_periodictasks; Type: TABLE DATA; Schema: public; Owner: postgres
--

COPY public.django_celery_beat_periodictasks (ident, last_update) FROM stdin;
1	2025-04-28 11:53:05.525875+05
\.


--
-- Data for Name: django_celery_beat_solarschedule; Type: TABLE DATA; Schema: public; Owner: postgres
--

COPY public.django_celery_beat_solarschedule (id, event, latitude, longitude) FROM stdin;
\.


--
-- Data for Name: django_content_type; Type: TABLE DATA; Schema: public; Owner: postgres
--

COPY public.django_content_type (id, app_label, model) FROM stdin;
1	admin	logentry
2	auth	permission
3	auth	group
4	contenttypes	contenttype
5	sessions	session
6	captcha	captchastore
7	hitcount	blacklistip
8	hitcount	blacklistuseragent
9	hitcount	hit
10	hitcount	hitcount
11	account	emailaddress
12	account	emailconfirmation
13	socialaccount	socialaccount
14	socialaccount	socialapp
15	socialaccount	socialtoken
16	accounts	customuser
17	accounts	like
18	announcements	announcement
19	images	image
20	chat	chat
21	connect_announcements	connectannouncement
22	industry	industry
23	industry	industryuser
24	rest_framework_api_key	apikey
25	authtoken	token
26	authtoken	tokenproxy
27	accounts	historicalcustomuser
28	django_celery_beat	crontabschedule
29	django_celery_beat	intervalschedule
30	django_celery_beat	periodictask
31	django_celery_beat	periodictasks
32	django_celery_beat	solarschedule
33	django_celery_beat	clockedschedule
\.


--
-- Data for Name: django_migrations; Type: TABLE DATA; Schema: public; Owner: postgres
--

COPY public.django_migrations (id, app, name, applied) FROM stdin;
1	contenttypes	0001_initial	2025-03-02 20:29:54.309211+05
2	contenttypes	0002_remove_content_type_name	2025-03-02 20:29:54.324631+05
3	auth	0001_initial	2025-03-02 20:29:54.400626+05
4	auth	0002_alter_permission_name_max_length	2025-03-02 20:29:54.413561+05
5	auth	0003_alter_user_email_max_length	2025-03-02 20:29:54.428945+05
6	auth	0004_alter_user_username_opts	2025-03-02 20:29:54.444936+05
7	auth	0005_alter_user_last_login_null	2025-03-02 20:29:54.464468+05
8	auth	0006_require_contenttypes_0002	2025-03-02 20:29:54.467769+05
9	auth	0007_alter_validators_add_error_messages	2025-03-02 20:29:54.484983+05
10	auth	0008_alter_user_username_max_length	2025-03-02 20:29:54.502327+05
11	auth	0009_alter_user_last_name_max_length	2025-03-02 20:29:54.518597+05
12	auth	0010_alter_group_name_max_length	2025-03-02 20:29:54.536754+05
13	auth	0011_update_proxy_permissions	2025-03-02 20:29:54.550859+05
14	auth	0012_alter_user_first_name_max_length	2025-03-02 20:29:54.559143+05
15	accounts	0001_initial	2025-03-02 20:29:54.639433+05
16	account	0001_initial	2025-03-02 20:29:54.690026+05
17	account	0002_email_max_length	2025-03-02 20:29:54.705541+05
18	account	0003_alter_emailaddress_create_unique_verified_email	2025-03-02 20:29:54.736501+05
19	account	0004_alter_emailaddress_drop_unique_email	2025-03-02 20:29:54.766394+05
20	account	0005_emailaddress_idx_upper_email	2025-03-02 20:29:54.78483+05
21	account	0006_emailaddress_lower	2025-03-02 20:29:54.80795+05
22	account	0007_emailaddress_idx_email	2025-03-02 20:29:54.840596+05
23	account	0008_emailaddress_unique_primary_email_fixup	2025-03-02 20:29:54.864544+05
24	account	0009_emailaddress_unique_primary_email	2025-03-02 20:29:54.880366+05
25	admin	0001_initial	2025-03-02 20:29:54.917485+05
26	admin	0002_logentry_remove_auto_add	2025-03-02 20:29:54.983482+05
27	admin	0003_logentry_add_action_flag_choices	2025-03-02 20:29:55.001237+05
28	announcements	0001_initial	2025-03-02 20:29:55.064936+05
29	captcha	0001_initial	2025-03-02 20:29:55.085507+05
30	captcha	0002_alter_captchastore_id	2025-03-02 20:29:55.092564+05
31	connect_announcements	0001_initial	2025-03-02 20:29:55.16891+05
32	chat	0001_initial	2025-03-02 20:29:55.251035+05
33	hitcount	0001_initial	2025-03-02 20:29:55.437763+05
34	hitcount	0002_index_ip_and_session	2025-03-02 20:29:55.502806+05
35	hitcount	0003_auto_20190608_1004	2025-03-02 20:29:55.526804+05
36	hitcount	0004_auto_20200704_0933	2025-03-02 20:29:55.545903+05
37	hitcount	0005_alter_blacklistip_id_alter_blacklistuseragent_id_and_more	2025-03-02 20:29:55.684458+05
38	images	0001_initial	2025-03-02 20:29:55.758784+05
39	industry	0001_initial	2025-03-02 20:29:55.855563+05
40	sessions	0001_initial	2025-03-02 20:29:55.876536+05
42	socialaccount	0002_token_max_lengths	2025-03-02 20:29:56.077117+05
43	socialaccount	0003_extra_data_default_dict	2025-03-02 20:29:56.102731+05
44	socialaccount	0004_app_provider_id_settings	2025-03-02 20:29:56.138742+05
45	socialaccount	0005_socialtoken_nullable_app	2025-03-02 20:29:56.177858+05
46	socialaccount	0006_alter_socialaccount_extra_data	2025-03-02 20:29:56.214688+05
47	images	0002_alter_image_name	2025-03-02 20:44:15.696414+05
48	rest_framework_api_key	0001_initial	2025-03-12 09:30:29.739391+05
49	rest_framework_api_key	0002_auto_20190529_2243	2025-03-12 09:30:29.750165+05
50	rest_framework_api_key	0003_auto_20190623_1952	2025-03-12 09:30:29.755793+05
51	rest_framework_api_key	0004_prefix_hashed_key	2025-03-12 09:30:29.81552+05
52	rest_framework_api_key	0005_auto_20220110_1102	2025-03-12 09:30:29.826786+05
53	accounts	0002_alter_customuser_role	2025-03-13 16:01:31.703874+05
54	industry	0002_alter_industryuser_user	2025-03-13 16:01:31.7549+05
55	industry	0003_alter_industryuser_industry	2025-03-13 16:03:00.213449+05
56	authtoken	0001_initial	2025-03-18 11:40:36.054157+05
57	authtoken	0002_auto_20160226_1747	2025-03-18 11:40:36.146498+05
58	authtoken	0003_tokenproxy	2025-03-18 11:40:36.14999+05
59	authtoken	0004_alter_tokenproxy_options	2025-03-18 11:40:36.156601+05
60	accounts	0003_historicalcustomuser	2025-03-26 16:38:02.269134+05
61	django_celery_beat	0001_initial	2025-04-27 14:55:37.695687+05
62	django_celery_beat	0002_auto_20161118_0346	2025-04-27 14:55:37.729375+05
63	django_celery_beat	0003_auto_20161209_0049	2025-04-27 14:55:37.760873+05
64	django_celery_beat	0004_auto_20170221_0000	2025-04-27 14:55:37.774249+05
65	django_celery_beat	0005_add_solarschedule_events_choices	2025-04-27 14:55:37.79285+05
66	django_celery_beat	0006_auto_20180322_0932	2025-04-27 14:55:37.928965+05
67	django_celery_beat	0007_auto_20180521_0826	2025-04-27 14:55:37.989092+05
68	django_celery_beat	0008_auto_20180914_1922	2025-04-27 14:55:38.099013+05
69	django_celery_beat	0006_auto_20180210_1226	2025-04-27 14:55:38.174371+05
70	django_celery_beat	0006_periodictask_priority	2025-04-27 14:55:38.202036+05
71	django_celery_beat	0009_periodictask_headers	2025-04-27 14:55:38.239102+05
72	django_celery_beat	0010_auto_20190429_0326	2025-04-27 14:55:38.737232+05
73	django_celery_beat	0011_auto_20190508_0153	2025-04-27 14:55:38.780374+05
74	django_celery_beat	0012_periodictask_expire_seconds	2025-04-27 14:55:38.823819+05
75	django_celery_beat	0013_auto_20200609_0727	2025-04-27 14:55:38.863931+05
76	django_celery_beat	0014_remove_clockedschedule_enabled	2025-04-27 14:55:38.881532+05
77	django_celery_beat	0015_edit_solarschedule_events_choices	2025-04-27 14:55:38.899039+05
78	django_celery_beat	0016_alter_crontabschedule_timezone	2025-04-27 14:55:38.947928+05
79	django_celery_beat	0017_alter_crontabschedule_month_of_year	2025-04-27 14:55:38.981846+05
80	django_celery_beat	0018_improve_crontab_helptext	2025-04-27 14:55:39.019902+05
81	django_celery_beat	0019_alter_periodictasks_options	2025-04-27 14:55:39.037302+05
41	socialaccount	0001_initial	2025-04-29 14:15:04.255854+05
\.


--
-- Data for Name: django_session; Type: TABLE DATA; Schema: public; Owner: postgres
--

COPY public.django_session (session_key, session_data, expire_date) FROM stdin;
xijj8kr56dswej5je8rdc2qxweyyl1v2	.eJxVjEEOwiAQRe_C2hCGAgGX7j0DmWEGqZo2Ke3KeHdt0oVu_3vvv1TGbW1567LkkdVZgTr9boTlIdMO-I7TbdZlntZlJL0r-qBdX2eW5-Vw_w4a9vathcRDShFqZZ8CGeeBCliMBBU4eW8FmSJbO7hkHSY7CAZDAxqqJqj3B-sYN-8:1tqTkq:BRmzg4DWflSsuLOBhk8dMzPMboYbFZe0sFflQ5e8-Iw	2025-03-21 14:12:28.399373+05
kr0ovmr14yy12qynamksnvoobyc6r58d	.eJxVjEEOwiAQRe_C2hCGAgGX7j0DmWEGqZo2Ke3KeHdt0oVu_3vvv1TGbW1567LkkdVZgTr9boTlIdMO-I7TbdZlntZlJL0r-qBdX2eW5-Vw_w4a9vathcRDShFqZZ8CGeeBCliMBBU4eW8FmSJbO7hkHSY7CAZDAxqqJqj3B-sYN-8:1trgz6:iQaxUnPazGMf3etF5AkBDo7nGoUjRdCAqCfDNwMNWrc	2025-03-24 22:32:12.456239+05
bml1l5vprj3ate5rwfou7tcgenhjjvrn	.eJxVjEEOwiAQRe_C2hCGAgGX7j0DmWEGqZo2Ke3KeHdt0oVu_3vvv1TGbW1567LkkdVZgTr9boTlIdMO-I7TbdZlntZlJL0r-qBdX2eW5-Vw_w4a9vathcRDShFqZZ8CGeeBCliMBBU4eW8FmSJbO7hkHSY7CAZDAxqqJqj3B-sYN-8:1trvz3:k-TClYqY9LjSha6k80UQQmdyiMWV1dy4Pc8RVg901XE	2025-03-25 14:33:09.133934+05
7jhngpfw2l1m6iixcdi69xb0zq7unw12	.eJxVjE0OwiAYBe_C2hB-C7h07xnIo3xI1dCktCvj3bVJF7p9M_NeLGJba9w6LXHK7MwUO_1uCeOD2g7yHe0283Fu6zIlviv8oJ1f50zPy-H-HVT0-q0dIclkpLdODyR9gSJfHBLB6xRMAExWPkNKF5SFL7qQ0BZDESID7P0B98Q4iQ:1tsxJ6:AV9qB0cNa25wLEjwpjySYFQ17e4T-HC0x3gD-ZoovGk	2025-03-28 10:10:04.066108+05
dmxn2dth5b8odgcocq06wu4xsd6plz55	.eJxVjEEOwiAQRe_C2hCGAgGX7j0DmWEGqZo2Ke3KeHdt0oVu_3vvv1TGbW1567LkkdVZgTr9boTlIdMO-I7TbdZlntZlJL0r-qBdX2eW5-Vw_w4a9vathcRDShFqZZ8CGeeBCliMBBU4eW8FmSJbO7hkHSY7CAZDAxqqJqj3B-sYN-8:1tuGRW:giXYUjPT_JEJ2YEKUQ8mCUABMv7imApdTB0XIhmL26A	2025-04-01 00:48:10.118071+05
0o7rq9w7dc7k6k4uwl8p11xhwkpcpng4	.eJxVjEEOwiAQRe_C2hCGAgGX7j0DmWEGqZo2Ke3KeHdt0oVu_3vvv1TGbW1567LkkdVZgTr9boTlIdMO-I7TbdZlntZlJL0r-qBdX2eW5-Vw_w4a9vathcRDShFqZZ8CGeeBCliMBBU4eW8FmSJbO7hkHSY7CAZDAxqqJqj3B-sYN-8:1txOB6:HHWGXfU3e36fuUrzfkkv0ygWNug8BkP4hDes275NmSE	2025-04-09 15:40:08.545622+05
vpj1w5jba3alr5zp8hd3ejdqpxwk9yrs	.eJxVjEEOwiAQRe_C2hCGAgGX7j0DmWEGqZo2Ke3KeHdt0oVu_3vvv1TGbW1567LkkdVZgTr9boTlIdMO-I7TbdZlntZlJL0r-qBdX2eW5-Vw_w4a9vathcRDShFqZZ8CGeeBCliMBBU4eW8FmSJbO7hkHSY7CAZDAxqqJqj3B-sYN-8:1ty3re:hhU57xXPyZgTrvRx9cxysbfsN8iaDjN8e2HO2dwJfmc	2025-04-11 12:10:50.205363+05
ihrcm7rk57b6nrdfccgaazcmn3hcgww1	.eJxVjEEOwiAQRe_C2hCGAgGX7j0DmWEGqZo2Ke3KeHdt0oVu_3vvv1TGbW1567LkkdVZgTr9boTlIdMO-I7TbdZlntZlJL0r-qBdX2eW5-Vw_w4a9vathcRDShFqZZ8CGeeBCliMBBU4eW8FmSJbO7hkHSY7CAZDAxqqJqj3B-sYN-8:1u4BsM:YI0APFaGyULoCXVz9MQiNHiVuGAQ9CXdRYrqTvD8lgg	2025-04-28 09:56:54.24877+05
e6v6f9ettmgtorincapqlauscg7u3re6	.eJxVjEEOwiAQRe_C2hCGAgGX7j0DmWEGqZo2Ke3KeHdt0oVu_3vvv1TGbW1567LkkdVZgTr9boTlIdMO-I7TbdZlntZlJL0r-qBdX2eW5-Vw_w4a9vathcRDShFqZZ8CGeeBCliMBBU4eW8FmSJbO7hkHSY7CAZDAxqqJqj3B-sYN-8:1u6VzY:mWcJXrIZpjQo992C8YmGRWxTs5eh5tUCTCmQvymixTA	2025-05-04 19:49:56.71855+05
39pbtp1d4nsgogusdamq4it5c7evlf2f	.eJxVjEEOwiAQRe_C2hCGAgGX7j0DmWEGqZo2Ke3KeHdt0oVu_3vvv1TGbW1567LkkdVZgTr9boTlIdMO-I7TbdZlntZlJL0r-qBdX2eW5-Vw_w4a9vathcRDShFqZZ8CGeeBCliMBBU4eW8FmSJbO7hkHSY7CAZDAxqqJqj3B-sYN-8:1u6qLb:4liZHtxbQgYoj-Q3FkYOytrWWLDhlx0CoMf61uioCU8	2025-05-05 17:34:03.173665+05
uh6zrsd6td2e3b6dudfy7xzt7o0vhak0	.eJxVjEEOwiAQRe_C2hCGAgGX7j0DmWEGqZo2Ke3KeHdt0oVu_3vvv1TGbW1567LkkdVZgTr9boTlIdMO-I7TbdZlntZlJL0r-qBdX2eW5-Vw_w4a9vathcRDShFqZZ8CGeeBCliMBBU4eW8FmSJbO7hkHSY7CAZDAxqqJqj3B-sYN-8:1u79iJ:_0U0oTlyIO_8m1pUi6A29X6m6qpj7kIpsl_3Xy1A0Sc	2025-05-06 14:14:47.812676+05
67tnnyxns37wi3ws2qpc5f7yggin8yes	.eJxVjEEOwiAQRe_C2hCGAgGX7j0DmWEGqZo2Ke3KeHdt0oVu_3vvv1TGbW1567LkkdVZgTr9boTlIdMO-I7TbdZlntZlJL0r-qBdX2eW5-Vw_w4a9vathcRDShFqZZ8CGeeBCliMBBU4eW8FmSJbO7hkHSY7CAZDAxqqJqj3B-sYN-8:1u7p8V:Fm7hta0CfkcT-pay_20Ut3wkHCLSTACebxE1tJdv3ns	2025-05-08 10:28:35.508393+05
or1ude23efhz67u0mo8aedhfm4gzafyc	.eJxVjEEOwiAQRe_C2hCGAgGX7j0DmWEGqZo2Ke3KeHdt0oVu_3vvv1TGbW1567LkkdVZgTr9boTlIdMO-I7TbdZlntZlJL0r-qBdX2eW5-Vw_w4a9vathcRDShFqZZ8CGeeBCliMBBU4eW8FmSJbO7hkHSY7CAZDAxqqJqj3B-sYN-8:1u8zpa:rP6ejoCh0SFnaw-dkXjyNfzmCTij-J0SYfibXRr4dhw	2025-05-11 16:05:54.158545+05
w2phyvtz65inix5oncl1rwqpqazvrraf	.eJxVjEEOwiAQRe_C2hCGAgGX7j0DmWEGqZo2Ke3KeHdt0oVu_3vvv1TGbW1567LkkdVZgTr9boTlIdMO-I7TbdZlntZlJL0r-qBdX2eW5-Vw_w4a9vathcRDShFqZZ8CGeeBCliMBBU4eW8FmSJbO7hkHSY7CAZDAxqqJqj3B-sYN-8:1u9FBe:o3sM8vD-223mQGZQXC1FxQJ6eXZJALjByCLnwnb0Nw8	2025-05-12 08:29:42.694093+05
a9mh2fxzijn6och7k6ah854dt940kyob	.eJxVjEEOgyAQRe_CuiEMihGX3fcMZMYZ1NZIArhqevdq4qLd_vf-e6uAe53DXiSHhdWgQN1-N8LxJdsJ-InblPSYtpoX0qeiL1r0I7Gs98v9C8xY5uMtJA687yFGdr4j0zqgESz2BBHYO2cFmXq2tmm9bdHbRrAz1KChaLojWtM0rRLKwkKY1VDzLp8vEjBAFA:1u9IQZ:wIR__x3K1eaeQ3BfLUNyv7ECo6zmHzvv9l6Y5fFA5io	2025-05-12 11:57:19.67971+05
jhtqtbj021wpmwdvi0ypahng1mejpf0i	.eJxVjEEOwiAQRe_C2hCGAgGX7j0DmWEGqZo2Ke3KeHdt0oVu_3vvv1TGbW1567LkkdVZgTr9boTlIdMO-I7TbdZlntZlJL0r-qBdX2eW5-Vw_w4a9vathcRDShFqZZ8CGeeBCliMBBU4eW8FmSJbO7hkHSY7CAZDAxqqJqj3B-sYN-8:1u9gr9:RuGz3djR7_i1wkY_sgLxFm4lTuVKaq1NvG5DWCxc0x4	2025-05-13 14:02:23.673291+05
\.


--
-- Data for Name: hitcount_blacklist_ip; Type: TABLE DATA; Schema: public; Owner: postgres
--

COPY public.hitcount_blacklist_ip (id, ip) FROM stdin;
\.


--
-- Data for Name: hitcount_blacklist_user_agent; Type: TABLE DATA; Schema: public; Owner: postgres
--

COPY public.hitcount_blacklist_user_agent (id, user_agent) FROM stdin;
\.


--
-- Data for Name: hitcount_hit; Type: TABLE DATA; Schema: public; Owner: postgres
--

COPY public.hitcount_hit (id, created, ip, session, user_agent, hitcount_id, user_id) FROM stdin;
\.


--
-- Data for Name: hitcount_hit_count; Type: TABLE DATA; Schema: public; Owner: postgres
--

COPY public.hitcount_hit_count (id, hits, modified, object_pk, content_type_id) FROM stdin;
\.


--
-- Data for Name: images_image; Type: TABLE DATA; Schema: public; Owner: postgres
--

COPY public.images_image (id, guid, created_at, updated_at, is_active, is_deleted, name, object_id, content_type_id) FROM stdin;
1	718c4f11-5edd-4a1e-b344-078e5c55b71e	2025-03-11 17:19:37.535228+05	2025-03-11 17:19:37.53525+05	t	f	images/image_1.png	2	18
2	212f358e-0ed7-498a-89ca-d2f986dd8182	2025-03-11 17:19:37.540026+05	2025-03-11 17:19:37.540044+05	t	f	images/image.png	2	18
\.


--
-- Data for Name: industry_industry; Type: TABLE DATA; Schema: public; Owner: postgres
--

COPY public.industry_industry (id, guid, created_at, updated_at, is_active, is_deleted, name) FROM stdin;
1	27a0bf8a-b759-4bd5-ad86-cf5914e8ff36	2025-03-07 15:09:51.252571+05	2025-03-07 15:09:51.252586+05	t	f	suvoqchi
2	13289247-3833-4413-9041-8393fa8341d7	2025-03-13 16:25:13.238924+05	2025-03-13 16:25:13.238943+05	t	f	electrik
3	7281cf19-a37c-4eed-889c-e3e53c12e8bd	2025-03-13 16:25:21.603717+05	2025-03-13 16:25:21.603782+05	t	f	santexnik
4	be6b224b-e315-40b4-8e0d-029315142040	2025-03-13 16:25:53.486018+05	2025-03-13 16:25:53.486071+05	t	f	suvarchik
\.


--
-- Data for Name: industry_industryuser; Type: TABLE DATA; Schema: public; Owner: postgres
--

COPY public.industry_industryuser (id, guid, created_at, updated_at, is_active, is_deleted, price, internship, star, industry_id, user_id) FROM stdin;
2	91fbe65c-d5af-49c9-9053-85aab4a2c156	2025-03-13 16:27:14.366593+05	2025-03-13 16:27:14.366621+05	t	f	1300000	3	0	2	2
3	98e84bba-99fc-4d54-9785-18a898981231	2025-03-13 16:27:38.527845+05	2025-03-13 16:27:38.527903+05	t	f	1000000	2	0	3	2
4	18e7105e-a898-4908-b674-e92689161347	2025-03-13 16:28:46.073569+05	2025-03-13 16:28:46.073609+05	t	f	1400000	4	0	1	2
1	ff6894da-ad75-4166-a92c-ac02f6eeaef8	2025-03-07 15:12:12.498529+05	2025-03-07 15:12:12.49854+05	t	f	100000	5	0	1	\N
\.


--
-- Data for Name: rest_framework_api_key_apikey; Type: TABLE DATA; Schema: public; Owner: postgres
--

COPY public.rest_framework_api_key_apikey (id, created, name, revoked, expiry_date, hashed_key, prefix) FROM stdin;
SegGq8Ud.pbkdf2_sha256$870000$Hrt6AVhIUx0NbxWz8iz4w5$Jt8r1lsWpNogRLx3TbF2U4Qlp2Nb1sAFcYDfWI/Cgsg=	2025-03-12 09:32:46.818783+05	Telash	f	2025-03-31 09:31:47+05	pbkdf2_sha256$870000$Hrt6AVhIUx0NbxWz8iz4w5$Jt8r1lsWpNogRLx3TbF2U4Qlp2Nb1sAFcYDfWI/Cgsg=	SegGq8Ud
gO2NLMxH.pbkdf2_sha256$870000$bd427kfvMXRQRpZcERaE2K$eu2yyIYTekUC6cC4vcjJhsw8kyWCmOQTfdB6n8ZKN0g=	2025-03-12 09:47:44.707689+05	test-key	f	\N	pbkdf2_sha256$870000$bd427kfvMXRQRpZcERaE2K$eu2yyIYTekUC6cC4vcjJhsw8kyWCmOQTfdB6n8ZKN0g=	gO2NLMxH
nzgEqTKe.pbkdf2_sha256$870000$4Zob4uR37djubN96zwWPlJ$Qw7pNw0XNH6+wQFfx0zUY2T/SakDX6e6FB/GDm47/C0=	2025-04-14 09:57:01.854653+05	Test2	f	\N	pbkdf2_sha256$870000$4Zob4uR37djubN96zwWPlJ$Qw7pNw0XNH6+wQFfx0zUY2T/SakDX6e6FB/GDm47/C0=	nzgEqTKe
kufQGmDG.pbkdf2_sha256$870000$IXJGpDm2tyfrIkEcsaUdc7$osqMGQDMm3OO15LVW7qSmlKvAYZY9LSxzqfKJoWvRq4=	2025-04-20 19:51:06.825546+05	Frontend	f	2025-10-08 19:50:53+05	pbkdf2_sha256$870000$IXJGpDm2tyfrIkEcsaUdc7$osqMGQDMm3OO15LVW7qSmlKvAYZY9LSxzqfKJoWvRq4=	kufQGmDG
\.


--
-- Data for Name: socialaccount_socialaccount; Type: TABLE DATA; Schema: public; Owner: postgres
--

COPY public.socialaccount_socialaccount (id, provider, uid, last_login, date_joined, extra_data, user_id) FROM stdin;
2	google	101356422620204801870	2025-04-22 14:25:45.869573+05	2025-04-22 14:25:45.869605+05	{"id": "101356422620204801870", "name": "Matnazar Matnazarov", "email": "matnazarovmatnazar450@gmail.com", "picture": "https://lh3.googleusercontent.com/a/ACg8ocLTl6L8clWpd4KKySIN85YjPdCmcTx3N6wHCcWBGrfkDHTnrQ=s96-c", "given_name": "Matnazar", "family_name": "Matnazarov", "verified_email": true}	10
\.


--
-- Data for Name: socialaccount_socialapp; Type: TABLE DATA; Schema: public; Owner: postgres
--

COPY public.socialaccount_socialapp (id, provider, name, client_id, secret, key, provider_id, settings) FROM stdin;
\.


--
-- Data for Name: socialaccount_socialtoken; Type: TABLE DATA; Schema: public; Owner: postgres
--

COPY public.socialaccount_socialtoken (id, token, token_secret, expires_at, account_id, app_id) FROM stdin;
\.


--
-- Data for Name: spatial_ref_sys; Type: TABLE DATA; Schema: public; Owner: postgres
--

COPY public.spatial_ref_sys (srid, auth_name, auth_srid, srtext, proj4text) FROM stdin;
\.


--
-- Name: account_emailaddress_id_seq; Type: SEQUENCE SET; Schema: public; Owner: postgres
--

SELECT pg_catalog.setval('public.account_emailaddress_id_seq', 2, true);


--
-- Name: account_emailconfirmation_id_seq; Type: SEQUENCE SET; Schema: public; Owner: postgres
--

SELECT pg_catalog.setval('public.account_emailconfirmation_id_seq', 1, false);


--
-- Name: accounts_customuser_groups_id_seq; Type: SEQUENCE SET; Schema: public; Owner: postgres
--

SELECT pg_catalog.setval('public.accounts_customuser_groups_id_seq', 1, false);


--
-- Name: accounts_customuser_id_seq; Type: SEQUENCE SET; Schema: public; Owner: postgres
--

SELECT pg_catalog.setval('public.accounts_customuser_id_seq', 11, true);


--
-- Name: accounts_customuser_user_permissions_id_seq; Type: SEQUENCE SET; Schema: public; Owner: postgres
--

SELECT pg_catalog.setval('public.accounts_customuser_user_permissions_id_seq', 1, true);


--
-- Name: accounts_historicalcustomuser_history_id_seq; Type: SEQUENCE SET; Schema: public; Owner: postgres
--

SELECT pg_catalog.setval('public.accounts_historicalcustomuser_history_id_seq', 25, true);


--
-- Name: accounts_like_id_seq; Type: SEQUENCE SET; Schema: public; Owner: postgres
--

SELECT pg_catalog.setval('public.accounts_like_id_seq', 4, true);


--
-- Name: announcements_announcement_id_seq; Type: SEQUENCE SET; Schema: public; Owner: postgres
--

SELECT pg_catalog.setval('public.announcements_announcement_id_seq', 2, true);


--
-- Name: auth_group_id_seq; Type: SEQUENCE SET; Schema: public; Owner: postgres
--

SELECT pg_catalog.setval('public.auth_group_id_seq', 1, false);


--
-- Name: auth_group_permissions_id_seq; Type: SEQUENCE SET; Schema: public; Owner: postgres
--

SELECT pg_catalog.setval('public.auth_group_permissions_id_seq', 1, false);


--
-- Name: auth_permission_id_seq; Type: SEQUENCE SET; Schema: public; Owner: postgres
--

SELECT pg_catalog.setval('public.auth_permission_id_seq', 132, true);


--
-- Name: captcha_captchastore_id_seq; Type: SEQUENCE SET; Schema: public; Owner: postgres
--

SELECT pg_catalog.setval('public.captcha_captchastore_id_seq', 67, true);


--
-- Name: chat_chat_id_seq; Type: SEQUENCE SET; Schema: public; Owner: postgres
--

SELECT pg_catalog.setval('public.chat_chat_id_seq', 1, false);


--
-- Name: connect_announcements_connectannouncement_id_seq; Type: SEQUENCE SET; Schema: public; Owner: postgres
--

SELECT pg_catalog.setval('public.connect_announcements_connectannouncement_id_seq', 1, false);


--
-- Name: django_admin_log_id_seq; Type: SEQUENCE SET; Schema: public; Owner: postgres
--

SELECT pg_catalog.setval('public.django_admin_log_id_seq', 70, true);


--
-- Name: django_celery_beat_clockedschedule_id_seq; Type: SEQUENCE SET; Schema: public; Owner: postgres
--

SELECT pg_catalog.setval('public.django_celery_beat_clockedschedule_id_seq', 1, false);


--
-- Name: django_celery_beat_crontabschedule_id_seq; Type: SEQUENCE SET; Schema: public; Owner: postgres
--

SELECT pg_catalog.setval('public.django_celery_beat_crontabschedule_id_seq', 1, true);


--
-- Name: django_celery_beat_intervalschedule_id_seq; Type: SEQUENCE SET; Schema: public; Owner: postgres
--

SELECT pg_catalog.setval('public.django_celery_beat_intervalschedule_id_seq', 1, true);


--
-- Name: django_celery_beat_periodictask_id_seq; Type: SEQUENCE SET; Schema: public; Owner: postgres
--

SELECT pg_catalog.setval('public.django_celery_beat_periodictask_id_seq', 2, true);


--
-- Name: django_celery_beat_solarschedule_id_seq; Type: SEQUENCE SET; Schema: public; Owner: postgres
--

SELECT pg_catalog.setval('public.django_celery_beat_solarschedule_id_seq', 1, false);


--
-- Name: django_content_type_id_seq; Type: SEQUENCE SET; Schema: public; Owner: postgres
--

SELECT pg_catalog.setval('public.django_content_type_id_seq', 33, true);


--
-- Name: django_migrations_id_seq; Type: SEQUENCE SET; Schema: public; Owner: postgres
--

SELECT pg_catalog.setval('public.django_migrations_id_seq', 81, true);


--
-- Name: hitcount_blacklist_ip_id_seq; Type: SEQUENCE SET; Schema: public; Owner: postgres
--

SELECT pg_catalog.setval('public.hitcount_blacklist_ip_id_seq', 1, false);


--
-- Name: hitcount_blacklist_user_agent_id_seq; Type: SEQUENCE SET; Schema: public; Owner: postgres
--

SELECT pg_catalog.setval('public.hitcount_blacklist_user_agent_id_seq', 1, false);


--
-- Name: hitcount_hit_count_id_seq; Type: SEQUENCE SET; Schema: public; Owner: postgres
--

SELECT pg_catalog.setval('public.hitcount_hit_count_id_seq', 1, false);


--
-- Name: hitcount_hit_id_seq; Type: SEQUENCE SET; Schema: public; Owner: postgres
--

SELECT pg_catalog.setval('public.hitcount_hit_id_seq', 1, false);


--
-- Name: images_image_id_seq; Type: SEQUENCE SET; Schema: public; Owner: postgres
--

SELECT pg_catalog.setval('public.images_image_id_seq', 2, true);


--
-- Name: industry_industry_id_seq; Type: SEQUENCE SET; Schema: public; Owner: postgres
--

SELECT pg_catalog.setval('public.industry_industry_id_seq', 4, true);


--
-- Name: industry_industryuser_id_seq; Type: SEQUENCE SET; Schema: public; Owner: postgres
--

SELECT pg_catalog.setval('public.industry_industryuser_id_seq', 4, true);


--
-- Name: socialaccount_socialaccount_id_seq; Type: SEQUENCE SET; Schema: public; Owner: postgres
--

SELECT pg_catalog.setval('public.socialaccount_socialaccount_id_seq', 2, true);


--
-- Name: socialaccount_socialapp_id_seq; Type: SEQUENCE SET; Schema: public; Owner: postgres
--

SELECT pg_catalog.setval('public.socialaccount_socialapp_id_seq', 1, false);


--
-- Name: socialaccount_socialtoken_id_seq; Type: SEQUENCE SET; Schema: public; Owner: postgres
--

SELECT pg_catalog.setval('public.socialaccount_socialtoken_id_seq', 1, false);


--
-- Name: account_emailaddress account_emailaddress_pkey; Type: CONSTRAINT; Schema: public; Owner: postgres
--

ALTER TABLE ONLY public.account_emailaddress
    ADD CONSTRAINT account_emailaddress_pkey PRIMARY KEY (id);


--
-- Name: account_emailaddress account_emailaddress_user_id_email_987c8728_uniq; Type: CONSTRAINT; Schema: public; Owner: postgres
--

ALTER TABLE ONLY public.account_emailaddress
    ADD CONSTRAINT account_emailaddress_user_id_email_987c8728_uniq UNIQUE (user_id, email);


--
-- Name: account_emailconfirmation account_emailconfirmation_key_key; Type: CONSTRAINT; Schema: public; Owner: postgres
--

ALTER TABLE ONLY public.account_emailconfirmation
    ADD CONSTRAINT account_emailconfirmation_key_key UNIQUE (key);


--
-- Name: account_emailconfirmation account_emailconfirmation_pkey; Type: CONSTRAINT; Schema: public; Owner: postgres
--

ALTER TABLE ONLY public.account_emailconfirmation
    ADD CONSTRAINT account_emailconfirmation_pkey PRIMARY KEY (id);


--
-- Name: accounts_customuser accounts_customuser_email_key; Type: CONSTRAINT; Schema: public; Owner: postgres
--

ALTER TABLE ONLY public.accounts_customuser
    ADD CONSTRAINT accounts_customuser_email_key UNIQUE (email);


--
-- Name: accounts_customuser_groups accounts_customuser_groups_customuser_id_group_id_c074bdcb_uniq; Type: CONSTRAINT; Schema: public; Owner: postgres
--

ALTER TABLE ONLY public.accounts_customuser_groups
    ADD CONSTRAINT accounts_customuser_groups_customuser_id_group_id_c074bdcb_uniq UNIQUE (customuser_id, group_id);


--
-- Name: accounts_customuser_groups accounts_customuser_groups_pkey; Type: CONSTRAINT; Schema: public; Owner: postgres
--

ALTER TABLE ONLY public.accounts_customuser_groups
    ADD CONSTRAINT accounts_customuser_groups_pkey PRIMARY KEY (id);


--
-- Name: accounts_customuser accounts_customuser_phone_number_key; Type: CONSTRAINT; Schema: public; Owner: postgres
--

ALTER TABLE ONLY public.accounts_customuser
    ADD CONSTRAINT accounts_customuser_phone_number_key UNIQUE (phone_number);


--
-- Name: accounts_customuser accounts_customuser_pkey; Type: CONSTRAINT; Schema: public; Owner: postgres
--

ALTER TABLE ONLY public.accounts_customuser
    ADD CONSTRAINT accounts_customuser_pkey PRIMARY KEY (id);


--
-- Name: accounts_customuser_user_permissions accounts_customuser_user_customuser_id_permission_9632a709_uniq; Type: CONSTRAINT; Schema: public; Owner: postgres
--

ALTER TABLE ONLY public.accounts_customuser_user_permissions
    ADD CONSTRAINT accounts_customuser_user_customuser_id_permission_9632a709_uniq UNIQUE (customuser_id, permission_id);


--
-- Name: accounts_customuser_user_permissions accounts_customuser_user_permissions_pkey; Type: CONSTRAINT; Schema: public; Owner: postgres
--

ALTER TABLE ONLY public.accounts_customuser_user_permissions
    ADD CONSTRAINT accounts_customuser_user_permissions_pkey PRIMARY KEY (id);


--
-- Name: accounts_customuser accounts_customuser_username_key; Type: CONSTRAINT; Schema: public; Owner: postgres
--

ALTER TABLE ONLY public.accounts_customuser
    ADD CONSTRAINT accounts_customuser_username_key UNIQUE (username);


--
-- Name: accounts_historicalcustomuser accounts_historicalcustomuser_pkey; Type: CONSTRAINT; Schema: public; Owner: postgres
--

ALTER TABLE ONLY public.accounts_historicalcustomuser
    ADD CONSTRAINT accounts_historicalcustomuser_pkey PRIMARY KEY (history_id);


--
-- Name: accounts_like accounts_like_guid_key; Type: CONSTRAINT; Schema: public; Owner: postgres
--

ALTER TABLE ONLY public.accounts_like
    ADD CONSTRAINT accounts_like_guid_key UNIQUE (guid);


--
-- Name: accounts_like accounts_like_pkey; Type: CONSTRAINT; Schema: public; Owner: postgres
--

ALTER TABLE ONLY public.accounts_like
    ADD CONSTRAINT accounts_like_pkey PRIMARY KEY (id);


--
-- Name: announcements_announcement announcements_announcement_guid_key; Type: CONSTRAINT; Schema: public; Owner: postgres
--

ALTER TABLE ONLY public.announcements_announcement
    ADD CONSTRAINT announcements_announcement_guid_key UNIQUE (guid);


--
-- Name: announcements_announcement announcements_announcement_pkey; Type: CONSTRAINT; Schema: public; Owner: postgres
--

ALTER TABLE ONLY public.announcements_announcement
    ADD CONSTRAINT announcements_announcement_pkey PRIMARY KEY (id);


--
-- Name: announcements_announcement announcements_announcement_slug_key; Type: CONSTRAINT; Schema: public; Owner: postgres
--

ALTER TABLE ONLY public.announcements_announcement
    ADD CONSTRAINT announcements_announcement_slug_key UNIQUE (slug);


--
-- Name: auth_group auth_group_name_key; Type: CONSTRAINT; Schema: public; Owner: postgres
--

ALTER TABLE ONLY public.auth_group
    ADD CONSTRAINT auth_group_name_key UNIQUE (name);


--
-- Name: auth_group_permissions auth_group_permissions_group_id_permission_id_0cd325b0_uniq; Type: CONSTRAINT; Schema: public; Owner: postgres
--

ALTER TABLE ONLY public.auth_group_permissions
    ADD CONSTRAINT auth_group_permissions_group_id_permission_id_0cd325b0_uniq UNIQUE (group_id, permission_id);


--
-- Name: auth_group_permissions auth_group_permissions_pkey; Type: CONSTRAINT; Schema: public; Owner: postgres
--

ALTER TABLE ONLY public.auth_group_permissions
    ADD CONSTRAINT auth_group_permissions_pkey PRIMARY KEY (id);


--
-- Name: auth_group auth_group_pkey; Type: CONSTRAINT; Schema: public; Owner: postgres
--

ALTER TABLE ONLY public.auth_group
    ADD CONSTRAINT auth_group_pkey PRIMARY KEY (id);


--
-- Name: auth_permission auth_permission_content_type_id_codename_01ab375a_uniq; Type: CONSTRAINT; Schema: public; Owner: postgres
--

ALTER TABLE ONLY public.auth_permission
    ADD CONSTRAINT auth_permission_content_type_id_codename_01ab375a_uniq UNIQUE (content_type_id, codename);


--
-- Name: auth_permission auth_permission_pkey; Type: CONSTRAINT; Schema: public; Owner: postgres
--

ALTER TABLE ONLY public.auth_permission
    ADD CONSTRAINT auth_permission_pkey PRIMARY KEY (id);


--
-- Name: authtoken_token authtoken_token_pkey; Type: CONSTRAINT; Schema: public; Owner: postgres
--

ALTER TABLE ONLY public.authtoken_token
    ADD CONSTRAINT authtoken_token_pkey PRIMARY KEY (key);


--
-- Name: authtoken_token authtoken_token_user_id_key; Type: CONSTRAINT; Schema: public; Owner: postgres
--

ALTER TABLE ONLY public.authtoken_token
    ADD CONSTRAINT authtoken_token_user_id_key UNIQUE (user_id);


--
-- Name: captcha_captchastore captcha_captchastore_hashkey_key; Type: CONSTRAINT; Schema: public; Owner: postgres
--

ALTER TABLE ONLY public.captcha_captchastore
    ADD CONSTRAINT captcha_captchastore_hashkey_key UNIQUE (hashkey);


--
-- Name: captcha_captchastore captcha_captchastore_pkey; Type: CONSTRAINT; Schema: public; Owner: postgres
--

ALTER TABLE ONLY public.captcha_captchastore
    ADD CONSTRAINT captcha_captchastore_pkey PRIMARY KEY (id);


--
-- Name: chat_chat chat_chat_guid_key; Type: CONSTRAINT; Schema: public; Owner: postgres
--

ALTER TABLE ONLY public.chat_chat
    ADD CONSTRAINT chat_chat_guid_key UNIQUE (guid);


--
-- Name: chat_chat chat_chat_pkey; Type: CONSTRAINT; Schema: public; Owner: postgres
--

ALTER TABLE ONLY public.chat_chat
    ADD CONSTRAINT chat_chat_pkey PRIMARY KEY (id);


--
-- Name: connect_announcements_connectannouncement connect_announcements_connectannouncement_guid_key; Type: CONSTRAINT; Schema: public; Owner: postgres
--

ALTER TABLE ONLY public.connect_announcements_connectannouncement
    ADD CONSTRAINT connect_announcements_connectannouncement_guid_key UNIQUE (guid);


--
-- Name: connect_announcements_connectannouncement connect_announcements_connectannouncement_pkey; Type: CONSTRAINT; Schema: public; Owner: postgres
--

ALTER TABLE ONLY public.connect_announcements_connectannouncement
    ADD CONSTRAINT connect_announcements_connectannouncement_pkey PRIMARY KEY (id);


--
-- Name: django_admin_log django_admin_log_pkey; Type: CONSTRAINT; Schema: public; Owner: postgres
--

ALTER TABLE ONLY public.django_admin_log
    ADD CONSTRAINT django_admin_log_pkey PRIMARY KEY (id);


--
-- Name: django_celery_beat_clockedschedule django_celery_beat_clockedschedule_pkey; Type: CONSTRAINT; Schema: public; Owner: postgres
--

ALTER TABLE ONLY public.django_celery_beat_clockedschedule
    ADD CONSTRAINT django_celery_beat_clockedschedule_pkey PRIMARY KEY (id);


--
-- Name: django_celery_beat_crontabschedule django_celery_beat_crontabschedule_pkey; Type: CONSTRAINT; Schema: public; Owner: postgres
--

ALTER TABLE ONLY public.django_celery_beat_crontabschedule
    ADD CONSTRAINT django_celery_beat_crontabschedule_pkey PRIMARY KEY (id);


--
-- Name: django_celery_beat_intervalschedule django_celery_beat_intervalschedule_pkey; Type: CONSTRAINT; Schema: public; Owner: postgres
--

ALTER TABLE ONLY public.django_celery_beat_intervalschedule
    ADD CONSTRAINT django_celery_beat_intervalschedule_pkey PRIMARY KEY (id);


--
-- Name: django_celery_beat_periodictask django_celery_beat_periodictask_name_key; Type: CONSTRAINT; Schema: public; Owner: postgres
--

ALTER TABLE ONLY public.django_celery_beat_periodictask
    ADD CONSTRAINT django_celery_beat_periodictask_name_key UNIQUE (name);


--
-- Name: django_celery_beat_periodictask django_celery_beat_periodictask_pkey; Type: CONSTRAINT; Schema: public; Owner: postgres
--

ALTER TABLE ONLY public.django_celery_beat_periodictask
    ADD CONSTRAINT django_celery_beat_periodictask_pkey PRIMARY KEY (id);


--
-- Name: django_celery_beat_periodictasks django_celery_beat_periodictasks_pkey; Type: CONSTRAINT; Schema: public; Owner: postgres
--

ALTER TABLE ONLY public.django_celery_beat_periodictasks
    ADD CONSTRAINT django_celery_beat_periodictasks_pkey PRIMARY KEY (ident);


--
-- Name: django_celery_beat_solarschedule django_celery_beat_solar_event_latitude_longitude_ba64999a_uniq; Type: CONSTRAINT; Schema: public; Owner: postgres
--

ALTER TABLE ONLY public.django_celery_beat_solarschedule
    ADD CONSTRAINT django_celery_beat_solar_event_latitude_longitude_ba64999a_uniq UNIQUE (event, latitude, longitude);


--
-- Name: django_celery_beat_solarschedule django_celery_beat_solarschedule_pkey; Type: CONSTRAINT; Schema: public; Owner: postgres
--

ALTER TABLE ONLY public.django_celery_beat_solarschedule
    ADD CONSTRAINT django_celery_beat_solarschedule_pkey PRIMARY KEY (id);


--
-- Name: django_content_type django_content_type_app_label_model_76bd3d3b_uniq; Type: CONSTRAINT; Schema: public; Owner: postgres
--

ALTER TABLE ONLY public.django_content_type
    ADD CONSTRAINT django_content_type_app_label_model_76bd3d3b_uniq UNIQUE (app_label, model);


--
-- Name: django_content_type django_content_type_pkey; Type: CONSTRAINT; Schema: public; Owner: postgres
--

ALTER TABLE ONLY public.django_content_type
    ADD CONSTRAINT django_content_type_pkey PRIMARY KEY (id);


--
-- Name: django_migrations django_migrations_pkey; Type: CONSTRAINT; Schema: public; Owner: postgres
--

ALTER TABLE ONLY public.django_migrations
    ADD CONSTRAINT django_migrations_pkey PRIMARY KEY (id);


--
-- Name: django_session django_session_pkey; Type: CONSTRAINT; Schema: public; Owner: postgres
--

ALTER TABLE ONLY public.django_session
    ADD CONSTRAINT django_session_pkey PRIMARY KEY (session_key);


--
-- Name: hitcount_blacklist_ip hitcount_blacklist_ip_ip_key; Type: CONSTRAINT; Schema: public; Owner: postgres
--

ALTER TABLE ONLY public.hitcount_blacklist_ip
    ADD CONSTRAINT hitcount_blacklist_ip_ip_key UNIQUE (ip);


--
-- Name: hitcount_blacklist_ip hitcount_blacklist_ip_pkey; Type: CONSTRAINT; Schema: public; Owner: postgres
--

ALTER TABLE ONLY public.hitcount_blacklist_ip
    ADD CONSTRAINT hitcount_blacklist_ip_pkey PRIMARY KEY (id);


--
-- Name: hitcount_blacklist_user_agent hitcount_blacklist_user_agent_pkey; Type: CONSTRAINT; Schema: public; Owner: postgres
--

ALTER TABLE ONLY public.hitcount_blacklist_user_agent
    ADD CONSTRAINT hitcount_blacklist_user_agent_pkey PRIMARY KEY (id);


--
-- Name: hitcount_blacklist_user_agent hitcount_blacklist_user_agent_user_agent_key; Type: CONSTRAINT; Schema: public; Owner: postgres
--

ALTER TABLE ONLY public.hitcount_blacklist_user_agent
    ADD CONSTRAINT hitcount_blacklist_user_agent_user_agent_key UNIQUE (user_agent);


--
-- Name: hitcount_hit_count hitcount_hit_count_content_type_id_object_pk_4dacb610_uniq; Type: CONSTRAINT; Schema: public; Owner: postgres
--

ALTER TABLE ONLY public.hitcount_hit_count
    ADD CONSTRAINT hitcount_hit_count_content_type_id_object_pk_4dacb610_uniq UNIQUE (content_type_id, object_pk);


--
-- Name: hitcount_hit_count hitcount_hit_count_pkey; Type: CONSTRAINT; Schema: public; Owner: postgres
--

ALTER TABLE ONLY public.hitcount_hit_count
    ADD CONSTRAINT hitcount_hit_count_pkey PRIMARY KEY (id);


--
-- Name: hitcount_hit hitcount_hit_pkey; Type: CONSTRAINT; Schema: public; Owner: postgres
--

ALTER TABLE ONLY public.hitcount_hit
    ADD CONSTRAINT hitcount_hit_pkey PRIMARY KEY (id);


--
-- Name: images_image images_image_guid_key; Type: CONSTRAINT; Schema: public; Owner: postgres
--

ALTER TABLE ONLY public.images_image
    ADD CONSTRAINT images_image_guid_key UNIQUE (guid);


--
-- Name: images_image images_image_pkey; Type: CONSTRAINT; Schema: public; Owner: postgres
--

ALTER TABLE ONLY public.images_image
    ADD CONSTRAINT images_image_pkey PRIMARY KEY (id);


--
-- Name: industry_industry industry_industry_guid_key; Type: CONSTRAINT; Schema: public; Owner: postgres
--

ALTER TABLE ONLY public.industry_industry
    ADD CONSTRAINT industry_industry_guid_key UNIQUE (guid);


--
-- Name: industry_industry industry_industry_name_key; Type: CONSTRAINT; Schema: public; Owner: postgres
--

ALTER TABLE ONLY public.industry_industry
    ADD CONSTRAINT industry_industry_name_key UNIQUE (name);


--
-- Name: industry_industry industry_industry_pkey; Type: CONSTRAINT; Schema: public; Owner: postgres
--

ALTER TABLE ONLY public.industry_industry
    ADD CONSTRAINT industry_industry_pkey PRIMARY KEY (id);


--
-- Name: industry_industryuser industry_industryuser_guid_key; Type: CONSTRAINT; Schema: public; Owner: postgres
--

ALTER TABLE ONLY public.industry_industryuser
    ADD CONSTRAINT industry_industryuser_guid_key UNIQUE (guid);


--
-- Name: industry_industryuser industry_industryuser_pkey; Type: CONSTRAINT; Schema: public; Owner: postgres
--

ALTER TABLE ONLY public.industry_industryuser
    ADD CONSTRAINT industry_industryuser_pkey PRIMARY KEY (id);


--
-- Name: rest_framework_api_key_apikey rest_framework_api_key_apikey_pkey; Type: CONSTRAINT; Schema: public; Owner: postgres
--

ALTER TABLE ONLY public.rest_framework_api_key_apikey
    ADD CONSTRAINT rest_framework_api_key_apikey_pkey PRIMARY KEY (id);


--
-- Name: rest_framework_api_key_apikey rest_framework_api_key_apikey_prefix_key; Type: CONSTRAINT; Schema: public; Owner: postgres
--

ALTER TABLE ONLY public.rest_framework_api_key_apikey
    ADD CONSTRAINT rest_framework_api_key_apikey_prefix_key UNIQUE (prefix);


--
-- Name: socialaccount_socialaccount socialaccount_socialaccount_pkey; Type: CONSTRAINT; Schema: public; Owner: postgres
--

ALTER TABLE ONLY public.socialaccount_socialaccount
    ADD CONSTRAINT socialaccount_socialaccount_pkey PRIMARY KEY (id);


--
-- Name: socialaccount_socialaccount socialaccount_socialaccount_provider_uid_fc810c6e_uniq; Type: CONSTRAINT; Schema: public; Owner: postgres
--

ALTER TABLE ONLY public.socialaccount_socialaccount
    ADD CONSTRAINT socialaccount_socialaccount_provider_uid_fc810c6e_uniq UNIQUE (provider, uid);


--
-- Name: socialaccount_socialapp socialaccount_socialapp_pkey; Type: CONSTRAINT; Schema: public; Owner: postgres
--

ALTER TABLE ONLY public.socialaccount_socialapp
    ADD CONSTRAINT socialaccount_socialapp_pkey PRIMARY KEY (id);


--
-- Name: socialaccount_socialtoken socialaccount_socialtoken_app_id_account_id_fca4e0ac_uniq; Type: CONSTRAINT; Schema: public; Owner: postgres
--

ALTER TABLE ONLY public.socialaccount_socialtoken
    ADD CONSTRAINT socialaccount_socialtoken_app_id_account_id_fca4e0ac_uniq UNIQUE (app_id, account_id);


--
-- Name: socialaccount_socialtoken socialaccount_socialtoken_pkey; Type: CONSTRAINT; Schema: public; Owner: postgres
--

ALTER TABLE ONLY public.socialaccount_socialtoken
    ADD CONSTRAINT socialaccount_socialtoken_pkey PRIMARY KEY (id);


--
-- Name: account_emailaddress_email_03be32b2; Type: INDEX; Schema: public; Owner: postgres
--

CREATE INDEX account_emailaddress_email_03be32b2 ON public.account_emailaddress USING btree (email);


--
-- Name: account_emailaddress_email_03be32b2_like; Type: INDEX; Schema: public; Owner: postgres
--

CREATE INDEX account_emailaddress_email_03be32b2_like ON public.account_emailaddress USING btree (email varchar_pattern_ops);


--
-- Name: account_emailaddress_user_id_2c513194; Type: INDEX; Schema: public; Owner: postgres
--

CREATE INDEX account_emailaddress_user_id_2c513194 ON public.account_emailaddress USING btree (user_id);


--
-- Name: account_emailconfirmation_email_address_id_5b7f8c58; Type: INDEX; Schema: public; Owner: postgres
--

CREATE INDEX account_emailconfirmation_email_address_id_5b7f8c58 ON public.account_emailconfirmation USING btree (email_address_id);


--
-- Name: account_emailconfirmation_key_f43612bd_like; Type: INDEX; Schema: public; Owner: postgres
--

CREATE INDEX account_emailconfirmation_key_f43612bd_like ON public.account_emailconfirmation USING btree (key varchar_pattern_ops);


--
-- Name: accounts_customuser_email_4fd8e7ce_like; Type: INDEX; Schema: public; Owner: postgres
--

CREATE INDEX accounts_customuser_email_4fd8e7ce_like ON public.accounts_customuser USING btree (email varchar_pattern_ops);


--
-- Name: accounts_customuser_groups_customuser_id_bc55088e; Type: INDEX; Schema: public; Owner: postgres
--

CREATE INDEX accounts_customuser_groups_customuser_id_bc55088e ON public.accounts_customuser_groups USING btree (customuser_id);


--
-- Name: accounts_customuser_groups_group_id_86ba5f9e; Type: INDEX; Schema: public; Owner: postgres
--

CREATE INDEX accounts_customuser_groups_group_id_86ba5f9e ON public.accounts_customuser_groups USING btree (group_id);


--
-- Name: accounts_customuser_phone_number_32c4e511_like; Type: INDEX; Schema: public; Owner: postgres
--

CREATE INDEX accounts_customuser_phone_number_32c4e511_like ON public.accounts_customuser USING btree (phone_number varchar_pattern_ops);


--
-- Name: accounts_customuser_user_permissions_customuser_id_0deaefae; Type: INDEX; Schema: public; Owner: postgres
--

CREATE INDEX accounts_customuser_user_permissions_customuser_id_0deaefae ON public.accounts_customuser_user_permissions USING btree (customuser_id);


--
-- Name: accounts_customuser_user_permissions_permission_id_aea3d0e5; Type: INDEX; Schema: public; Owner: postgres
--

CREATE INDEX accounts_customuser_user_permissions_permission_id_aea3d0e5 ON public.accounts_customuser_user_permissions USING btree (permission_id);


--
-- Name: accounts_customuser_username_722f3555_like; Type: INDEX; Schema: public; Owner: postgres
--

CREATE INDEX accounts_customuser_username_722f3555_like ON public.accounts_customuser USING btree (username varchar_pattern_ops);


--
-- Name: accounts_historicalcustomuser_email_5325ca36; Type: INDEX; Schema: public; Owner: postgres
--

CREATE INDEX accounts_historicalcustomuser_email_5325ca36 ON public.accounts_historicalcustomuser USING btree (email);


--
-- Name: accounts_historicalcustomuser_email_5325ca36_like; Type: INDEX; Schema: public; Owner: postgres
--

CREATE INDEX accounts_historicalcustomuser_email_5325ca36_like ON public.accounts_historicalcustomuser USING btree (email varchar_pattern_ops);


--
-- Name: accounts_historicalcustomuser_history_date_b4c84207; Type: INDEX; Schema: public; Owner: postgres
--

CREATE INDEX accounts_historicalcustomuser_history_date_b4c84207 ON public.accounts_historicalcustomuser USING btree (history_date);


--
-- Name: accounts_historicalcustomuser_history_user_id_43bd95f6; Type: INDEX; Schema: public; Owner: postgres
--

CREATE INDEX accounts_historicalcustomuser_history_user_id_43bd95f6 ON public.accounts_historicalcustomuser USING btree (history_user_id);


--
-- Name: accounts_historicalcustomuser_id_46b4b0a8; Type: INDEX; Schema: public; Owner: postgres
--

CREATE INDEX accounts_historicalcustomuser_id_46b4b0a8 ON public.accounts_historicalcustomuser USING btree (id);


--
-- Name: accounts_historicalcustomuser_phone_number_ccd61f40; Type: INDEX; Schema: public; Owner: postgres
--

CREATE INDEX accounts_historicalcustomuser_phone_number_ccd61f40 ON public.accounts_historicalcustomuser USING btree (phone_number);


--
-- Name: accounts_historicalcustomuser_phone_number_ccd61f40_like; Type: INDEX; Schema: public; Owner: postgres
--

CREATE INDEX accounts_historicalcustomuser_phone_number_ccd61f40_like ON public.accounts_historicalcustomuser USING btree (phone_number varchar_pattern_ops);


--
-- Name: accounts_historicalcustomuser_username_192612a5; Type: INDEX; Schema: public; Owner: postgres
--

CREATE INDEX accounts_historicalcustomuser_username_192612a5 ON public.accounts_historicalcustomuser USING btree (username);


--
-- Name: accounts_historicalcustomuser_username_192612a5_like; Type: INDEX; Schema: public; Owner: postgres
--

CREATE INDEX accounts_historicalcustomuser_username_192612a5_like ON public.accounts_historicalcustomuser USING btree (username varchar_pattern_ops);


--
-- Name: accounts_like_master_id_d30bcf37; Type: INDEX; Schema: public; Owner: postgres
--

CREATE INDEX accounts_like_master_id_d30bcf37 ON public.accounts_like USING btree (master_id);


--
-- Name: accounts_like_user_id_ed605a1f; Type: INDEX; Schema: public; Owner: postgres
--

CREATE INDEX accounts_like_user_id_ed605a1f ON public.accounts_like USING btree (user_id);


--
-- Name: announcement_name_idx; Type: INDEX; Schema: public; Owner: postgres
--

CREATE INDEX announcement_name_idx ON public.announcements_announcement USING btree (name);


--
-- Name: announcement_title_idx; Type: INDEX; Schema: public; Owner: postgres
--

CREATE INDEX announcement_title_idx ON public.announcements_announcement USING btree (title);


--
-- Name: announcements_announcement_client_id_00a889d7; Type: INDEX; Schema: public; Owner: postgres
--

CREATE INDEX announcements_announcement_client_id_00a889d7 ON public.announcements_announcement USING btree (client_id);


--
-- Name: announcements_announcement_location_bad918c6_id; Type: INDEX; Schema: public; Owner: postgres
--

CREATE INDEX announcements_announcement_location_bad918c6_id ON public.announcements_announcement USING gist (location);


--
-- Name: announcements_announcement_slug_0d6b62a8_like; Type: INDEX; Schema: public; Owner: postgres
--

CREATE INDEX announcements_announcement_slug_0d6b62a8_like ON public.announcements_announcement USING btree (slug varchar_pattern_ops);


--
-- Name: auth_group_name_a6ea08ec_like; Type: INDEX; Schema: public; Owner: postgres
--

CREATE INDEX auth_group_name_a6ea08ec_like ON public.auth_group USING btree (name varchar_pattern_ops);


--
-- Name: auth_group_permissions_group_id_b120cbf9; Type: INDEX; Schema: public; Owner: postgres
--

CREATE INDEX auth_group_permissions_group_id_b120cbf9 ON public.auth_group_permissions USING btree (group_id);


--
-- Name: auth_group_permissions_permission_id_84c5c92e; Type: INDEX; Schema: public; Owner: postgres
--

CREATE INDEX auth_group_permissions_permission_id_84c5c92e ON public.auth_group_permissions USING btree (permission_id);


--
-- Name: auth_permission_content_type_id_2f476e4b; Type: INDEX; Schema: public; Owner: postgres
--

CREATE INDEX auth_permission_content_type_id_2f476e4b ON public.auth_permission USING btree (content_type_id);


--
-- Name: authtoken_token_key_10f0b77e_like; Type: INDEX; Schema: public; Owner: postgres
--

CREATE INDEX authtoken_token_key_10f0b77e_like ON public.authtoken_token USING btree (key varchar_pattern_ops);


--
-- Name: captcha_captchastore_hashkey_cbe8d15a_like; Type: INDEX; Schema: public; Owner: postgres
--

CREATE INDEX captcha_captchastore_hashkey_cbe8d15a_like ON public.captcha_captchastore USING btree (hashkey varchar_pattern_ops);


--
-- Name: chat_chat_client_id_0c8afba6; Type: INDEX; Schema: public; Owner: postgres
--

CREATE INDEX chat_chat_client_id_0c8afba6 ON public.chat_chat USING btree (client_id);


--
-- Name: chat_chat_connect_announcement_id_19a27e38; Type: INDEX; Schema: public; Owner: postgres
--

CREATE INDEX chat_chat_connect_announcement_id_19a27e38 ON public.chat_chat USING btree (connect_announcement_id);


--
-- Name: chat_chat_master_id_84f1b120; Type: INDEX; Schema: public; Owner: postgres
--

CREATE INDEX chat_chat_master_id_84f1b120 ON public.chat_chat USING btree (master_id);


--
-- Name: client_index_chat; Type: INDEX; Schema: public; Owner: postgres
--

CREATE INDEX client_index_chat ON public.chat_chat USING btree (client_id);


--
-- Name: connect_announcement; Type: INDEX; Schema: public; Owner: postgres
--

CREATE INDEX connect_announcement ON public.connect_announcements_connectannouncement USING btree (announcement_id);


--
-- Name: connect_announcements_conn_announcement_id_2c613bbf; Type: INDEX; Schema: public; Owner: postgres
--

CREATE INDEX connect_announcements_conn_announcement_id_2c613bbf ON public.connect_announcements_connectannouncement USING btree (announcement_id);


--
-- Name: connect_announcements_connectannouncement_master_id_5deaea41; Type: INDEX; Schema: public; Owner: postgres
--

CREATE INDEX connect_announcements_connectannouncement_master_id_5deaea41 ON public.connect_announcements_connectannouncement USING btree (master_id);


--
-- Name: connect_master; Type: INDEX; Schema: public; Owner: postgres
--

CREATE INDEX connect_master ON public.connect_announcements_connectannouncement USING btree (master_id);


--
-- Name: django_admin_log_content_type_id_c4bce8eb; Type: INDEX; Schema: public; Owner: postgres
--

CREATE INDEX django_admin_log_content_type_id_c4bce8eb ON public.django_admin_log USING btree (content_type_id);


--
-- Name: django_admin_log_user_id_c564eba6; Type: INDEX; Schema: public; Owner: postgres
--

CREATE INDEX django_admin_log_user_id_c564eba6 ON public.django_admin_log USING btree (user_id);


--
-- Name: django_celery_beat_periodictask_clocked_id_47a69f82; Type: INDEX; Schema: public; Owner: postgres
--

CREATE INDEX django_celery_beat_periodictask_clocked_id_47a69f82 ON public.django_celery_beat_periodictask USING btree (clocked_id);


--
-- Name: django_celery_beat_periodictask_crontab_id_d3cba168; Type: INDEX; Schema: public; Owner: postgres
--

CREATE INDEX django_celery_beat_periodictask_crontab_id_d3cba168 ON public.django_celery_beat_periodictask USING btree (crontab_id);


--
-- Name: django_celery_beat_periodictask_interval_id_a8ca27da; Type: INDEX; Schema: public; Owner: postgres
--

CREATE INDEX django_celery_beat_periodictask_interval_id_a8ca27da ON public.django_celery_beat_periodictask USING btree (interval_id);


--
-- Name: django_celery_beat_periodictask_name_265a36b7_like; Type: INDEX; Schema: public; Owner: postgres
--

CREATE INDEX django_celery_beat_periodictask_name_265a36b7_like ON public.django_celery_beat_periodictask USING btree (name varchar_pattern_ops);


--
-- Name: django_celery_beat_periodictask_solar_id_a87ce72c; Type: INDEX; Schema: public; Owner: postgres
--

CREATE INDEX django_celery_beat_periodictask_solar_id_a87ce72c ON public.django_celery_beat_periodictask USING btree (solar_id);


--
-- Name: django_session_expire_date_a5c62663; Type: INDEX; Schema: public; Owner: postgres
--

CREATE INDEX django_session_expire_date_a5c62663 ON public.django_session USING btree (expire_date);


--
-- Name: django_session_session_key_c0390e0f_like; Type: INDEX; Schema: public; Owner: postgres
--

CREATE INDEX django_session_session_key_c0390e0f_like ON public.django_session USING btree (session_key varchar_pattern_ops);


--
-- Name: hitcount_blacklist_ip_ip_b1955e95_like; Type: INDEX; Schema: public; Owner: postgres
--

CREATE INDEX hitcount_blacklist_ip_ip_b1955e95_like ON public.hitcount_blacklist_ip USING btree (ip varchar_pattern_ops);


--
-- Name: hitcount_blacklist_user_agent_user_agent_fbf2061c_like; Type: INDEX; Schema: public; Owner: postgres
--

CREATE INDEX hitcount_blacklist_user_agent_user_agent_fbf2061c_like ON public.hitcount_blacklist_user_agent USING btree (user_agent varchar_pattern_ops);


--
-- Name: hitcount_hit_count_content_type_id_4a734fe1; Type: INDEX; Schema: public; Owner: postgres
--

CREATE INDEX hitcount_hit_count_content_type_id_4a734fe1 ON public.hitcount_hit_count USING btree (content_type_id);


--
-- Name: hitcount_hit_created_79adf7bc; Type: INDEX; Schema: public; Owner: postgres
--

CREATE INDEX hitcount_hit_created_79adf7bc ON public.hitcount_hit USING btree (created);


--
-- Name: hitcount_hit_hitcount_id_b7971910; Type: INDEX; Schema: public; Owner: postgres
--

CREATE INDEX hitcount_hit_hitcount_id_b7971910 ON public.hitcount_hit USING btree (hitcount_id);


--
-- Name: hitcount_hit_ip_a52a62aa; Type: INDEX; Schema: public; Owner: postgres
--

CREATE INDEX hitcount_hit_ip_a52a62aa ON public.hitcount_hit USING btree (ip);


--
-- Name: hitcount_hit_ip_a52a62aa_like; Type: INDEX; Schema: public; Owner: postgres
--

CREATE INDEX hitcount_hit_ip_a52a62aa_like ON public.hitcount_hit USING btree (ip varchar_pattern_ops);


--
-- Name: hitcount_hit_session_5be83758; Type: INDEX; Schema: public; Owner: postgres
--

CREATE INDEX hitcount_hit_session_5be83758 ON public.hitcount_hit USING btree (session);


--
-- Name: hitcount_hit_session_5be83758_like; Type: INDEX; Schema: public; Owner: postgres
--

CREATE INDEX hitcount_hit_session_5be83758_like ON public.hitcount_hit USING btree (session varchar_pattern_ops);


--
-- Name: hitcount_hit_user_id_f7067f66; Type: INDEX; Schema: public; Owner: postgres
--

CREATE INDEX hitcount_hit_user_id_f7067f66 ON public.hitcount_hit USING btree (user_id);


--
-- Name: images_imag_content_0cb5ba_idx; Type: INDEX; Schema: public; Owner: postgres
--

CREATE INDEX images_imag_content_0cb5ba_idx ON public.images_image USING btree (content_type_id, object_id);


--
-- Name: images_image_content_type_id_ced1faf1; Type: INDEX; Schema: public; Owner: postgres
--

CREATE INDEX images_image_content_type_id_ced1faf1 ON public.images_image USING btree (content_type_id);


--
-- Name: industry_industry_name_a50f53fa_like; Type: INDEX; Schema: public; Owner: postgres
--

CREATE INDEX industry_industry_name_a50f53fa_like ON public.industry_industry USING btree (name varchar_pattern_ops);


--
-- Name: industry_industryuser_industry_id_c5152533; Type: INDEX; Schema: public; Owner: postgres
--

CREATE INDEX industry_industryuser_industry_id_c5152533 ON public.industry_industryuser USING btree (industry_id);


--
-- Name: industry_industryuser_user_id_b2c3e643; Type: INDEX; Schema: public; Owner: postgres
--

CREATE INDEX industry_industryuser_user_id_b2c3e643 ON public.industry_industryuser USING btree (user_id);


--
-- Name: master_index; Type: INDEX; Schema: public; Owner: postgres
--

CREATE INDEX master_index ON public.accounts_like USING btree (master_id);


--
-- Name: master_index_chat; Type: INDEX; Schema: public; Owner: postgres
--

CREATE INDEX master_index_chat ON public.chat_chat USING btree (master_id);


--
-- Name: rest_framework_api_key_apikey_created_c61872d9; Type: INDEX; Schema: public; Owner: postgres
--

CREATE INDEX rest_framework_api_key_apikey_created_c61872d9 ON public.rest_framework_api_key_apikey USING btree (created);


--
-- Name: rest_framework_api_key_apikey_id_6e07e68e_like; Type: INDEX; Schema: public; Owner: postgres
--

CREATE INDEX rest_framework_api_key_apikey_id_6e07e68e_like ON public.rest_framework_api_key_apikey USING btree (id varchar_pattern_ops);


--
-- Name: rest_framework_api_key_apikey_prefix_4e0db5f8_like; Type: INDEX; Schema: public; Owner: postgres
--

CREATE INDEX rest_framework_api_key_apikey_prefix_4e0db5f8_like ON public.rest_framework_api_key_apikey USING btree (prefix varchar_pattern_ops);


--
-- Name: socialaccount_socialaccount_user_id_8146e70c; Type: INDEX; Schema: public; Owner: postgres
--

CREATE INDEX socialaccount_socialaccount_user_id_8146e70c ON public.socialaccount_socialaccount USING btree (user_id);


--
-- Name: socialaccount_socialtoken_account_id_951f210e; Type: INDEX; Schema: public; Owner: postgres
--

CREATE INDEX socialaccount_socialtoken_account_id_951f210e ON public.socialaccount_socialtoken USING btree (account_id);


--
-- Name: socialaccount_socialtoken_app_id_636a42d7; Type: INDEX; Schema: public; Owner: postgres
--

CREATE INDEX socialaccount_socialtoken_app_id_636a42d7 ON public.socialaccount_socialtoken USING btree (app_id);


--
-- Name: unique_primary_email; Type: INDEX; Schema: public; Owner: postgres
--

CREATE UNIQUE INDEX unique_primary_email ON public.account_emailaddress USING btree (user_id, "primary") WHERE "primary";


--
-- Name: unique_verified_email; Type: INDEX; Schema: public; Owner: postgres
--

CREATE UNIQUE INDEX unique_verified_email ON public.account_emailaddress USING btree (email) WHERE verified;


--
-- Name: user_index; Type: INDEX; Schema: public; Owner: postgres
--

CREATE INDEX user_index ON public.accounts_like USING btree (user_id);


--
-- Name: account_emailaddress account_emailaddress_user_id_2c513194_fk_accounts_customuser_id; Type: FK CONSTRAINT; Schema: public; Owner: postgres
--

ALTER TABLE ONLY public.account_emailaddress
    ADD CONSTRAINT account_emailaddress_user_id_2c513194_fk_accounts_customuser_id FOREIGN KEY (user_id) REFERENCES public.accounts_customuser(id) DEFERRABLE INITIALLY DEFERRED;


--
-- Name: account_emailconfirmation account_emailconfirm_email_address_id_5b7f8c58_fk_account_e; Type: FK CONSTRAINT; Schema: public; Owner: postgres
--

ALTER TABLE ONLY public.account_emailconfirmation
    ADD CONSTRAINT account_emailconfirm_email_address_id_5b7f8c58_fk_account_e FOREIGN KEY (email_address_id) REFERENCES public.account_emailaddress(id) DEFERRABLE INITIALLY DEFERRED;


--
-- Name: accounts_customuser_user_permissions accounts_customuser__customuser_id_0deaefae_fk_accounts_; Type: FK CONSTRAINT; Schema: public; Owner: postgres
--

ALTER TABLE ONLY public.accounts_customuser_user_permissions
    ADD CONSTRAINT accounts_customuser__customuser_id_0deaefae_fk_accounts_ FOREIGN KEY (customuser_id) REFERENCES public.accounts_customuser(id) DEFERRABLE INITIALLY DEFERRED;


--
-- Name: accounts_customuser_groups accounts_customuser__customuser_id_bc55088e_fk_accounts_; Type: FK CONSTRAINT; Schema: public; Owner: postgres
--

ALTER TABLE ONLY public.accounts_customuser_groups
    ADD CONSTRAINT accounts_customuser__customuser_id_bc55088e_fk_accounts_ FOREIGN KEY (customuser_id) REFERENCES public.accounts_customuser(id) DEFERRABLE INITIALLY DEFERRED;


--
-- Name: accounts_customuser_user_permissions accounts_customuser__permission_id_aea3d0e5_fk_auth_perm; Type: FK CONSTRAINT; Schema: public; Owner: postgres
--

ALTER TABLE ONLY public.accounts_customuser_user_permissions
    ADD CONSTRAINT accounts_customuser__permission_id_aea3d0e5_fk_auth_perm FOREIGN KEY (permission_id) REFERENCES public.auth_permission(id) DEFERRABLE INITIALLY DEFERRED;


--
-- Name: accounts_customuser_groups accounts_customuser_groups_group_id_86ba5f9e_fk_auth_group_id; Type: FK CONSTRAINT; Schema: public; Owner: postgres
--

ALTER TABLE ONLY public.accounts_customuser_groups
    ADD CONSTRAINT accounts_customuser_groups_group_id_86ba5f9e_fk_auth_group_id FOREIGN KEY (group_id) REFERENCES public.auth_group(id) DEFERRABLE INITIALLY DEFERRED;


--
-- Name: accounts_historicalcustomuser accounts_historicalc_history_user_id_43bd95f6_fk_accounts_; Type: FK CONSTRAINT; Schema: public; Owner: postgres
--

ALTER TABLE ONLY public.accounts_historicalcustomuser
    ADD CONSTRAINT accounts_historicalc_history_user_id_43bd95f6_fk_accounts_ FOREIGN KEY (history_user_id) REFERENCES public.accounts_customuser(id) DEFERRABLE INITIALLY DEFERRED;


--
-- Name: accounts_like accounts_like_master_id_d30bcf37_fk_accounts_customuser_id; Type: FK CONSTRAINT; Schema: public; Owner: postgres
--

ALTER TABLE ONLY public.accounts_like
    ADD CONSTRAINT accounts_like_master_id_d30bcf37_fk_accounts_customuser_id FOREIGN KEY (master_id) REFERENCES public.accounts_customuser(id) DEFERRABLE INITIALLY DEFERRED;


--
-- Name: accounts_like accounts_like_user_id_ed605a1f_fk_accounts_customuser_id; Type: FK CONSTRAINT; Schema: public; Owner: postgres
--

ALTER TABLE ONLY public.accounts_like
    ADD CONSTRAINT accounts_like_user_id_ed605a1f_fk_accounts_customuser_id FOREIGN KEY (user_id) REFERENCES public.accounts_customuser(id) DEFERRABLE INITIALLY DEFERRED;


--
-- Name: announcements_announcement announcements_announ_client_id_00a889d7_fk_accounts_; Type: FK CONSTRAINT; Schema: public; Owner: postgres
--

ALTER TABLE ONLY public.announcements_announcement
    ADD CONSTRAINT announcements_announ_client_id_00a889d7_fk_accounts_ FOREIGN KEY (client_id) REFERENCES public.accounts_customuser(id) DEFERRABLE INITIALLY DEFERRED;


--
-- Name: auth_group_permissions auth_group_permissio_permission_id_84c5c92e_fk_auth_perm; Type: FK CONSTRAINT; Schema: public; Owner: postgres
--

ALTER TABLE ONLY public.auth_group_permissions
    ADD CONSTRAINT auth_group_permissio_permission_id_84c5c92e_fk_auth_perm FOREIGN KEY (permission_id) REFERENCES public.auth_permission(id) DEFERRABLE INITIALLY DEFERRED;


--
-- Name: auth_group_permissions auth_group_permissions_group_id_b120cbf9_fk_auth_group_id; Type: FK CONSTRAINT; Schema: public; Owner: postgres
--

ALTER TABLE ONLY public.auth_group_permissions
    ADD CONSTRAINT auth_group_permissions_group_id_b120cbf9_fk_auth_group_id FOREIGN KEY (group_id) REFERENCES public.auth_group(id) DEFERRABLE INITIALLY DEFERRED;


--
-- Name: auth_permission auth_permission_content_type_id_2f476e4b_fk_django_co; Type: FK CONSTRAINT; Schema: public; Owner: postgres
--

ALTER TABLE ONLY public.auth_permission
    ADD CONSTRAINT auth_permission_content_type_id_2f476e4b_fk_django_co FOREIGN KEY (content_type_id) REFERENCES public.django_content_type(id) DEFERRABLE INITIALLY DEFERRED;


--
-- Name: authtoken_token authtoken_token_user_id_35299eff_fk_accounts_customuser_id; Type: FK CONSTRAINT; Schema: public; Owner: postgres
--

ALTER TABLE ONLY public.authtoken_token
    ADD CONSTRAINT authtoken_token_user_id_35299eff_fk_accounts_customuser_id FOREIGN KEY (user_id) REFERENCES public.accounts_customuser(id) DEFERRABLE INITIALLY DEFERRED;


--
-- Name: chat_chat chat_chat_client_id_0c8afba6_fk_accounts_customuser_id; Type: FK CONSTRAINT; Schema: public; Owner: postgres
--

ALTER TABLE ONLY public.chat_chat
    ADD CONSTRAINT chat_chat_client_id_0c8afba6_fk_accounts_customuser_id FOREIGN KEY (client_id) REFERENCES public.accounts_customuser(id) DEFERRABLE INITIALLY DEFERRED;


--
-- Name: chat_chat chat_chat_connect_announcement_19a27e38_fk_connect_a; Type: FK CONSTRAINT; Schema: public; Owner: postgres
--

ALTER TABLE ONLY public.chat_chat
    ADD CONSTRAINT chat_chat_connect_announcement_19a27e38_fk_connect_a FOREIGN KEY (connect_announcement_id) REFERENCES public.connect_announcements_connectannouncement(id) DEFERRABLE INITIALLY DEFERRED;


--
-- Name: chat_chat chat_chat_master_id_84f1b120_fk_accounts_customuser_id; Type: FK CONSTRAINT; Schema: public; Owner: postgres
--

ALTER TABLE ONLY public.chat_chat
    ADD CONSTRAINT chat_chat_master_id_84f1b120_fk_accounts_customuser_id FOREIGN KEY (master_id) REFERENCES public.accounts_customuser(id) DEFERRABLE INITIALLY DEFERRED;


--
-- Name: connect_announcements_connectannouncement connect_announcement_announcement_id_2c613bbf_fk_announcem; Type: FK CONSTRAINT; Schema: public; Owner: postgres
--

ALTER TABLE ONLY public.connect_announcements_connectannouncement
    ADD CONSTRAINT connect_announcement_announcement_id_2c613bbf_fk_announcem FOREIGN KEY (announcement_id) REFERENCES public.announcements_announcement(id) DEFERRABLE INITIALLY DEFERRED;


--
-- Name: connect_announcements_connectannouncement connect_announcement_master_id_5deaea41_fk_accounts_; Type: FK CONSTRAINT; Schema: public; Owner: postgres
--

ALTER TABLE ONLY public.connect_announcements_connectannouncement
    ADD CONSTRAINT connect_announcement_master_id_5deaea41_fk_accounts_ FOREIGN KEY (master_id) REFERENCES public.accounts_customuser(id) DEFERRABLE INITIALLY DEFERRED;


--
-- Name: django_admin_log django_admin_log_content_type_id_c4bce8eb_fk_django_co; Type: FK CONSTRAINT; Schema: public; Owner: postgres
--

ALTER TABLE ONLY public.django_admin_log
    ADD CONSTRAINT django_admin_log_content_type_id_c4bce8eb_fk_django_co FOREIGN KEY (content_type_id) REFERENCES public.django_content_type(id) DEFERRABLE INITIALLY DEFERRED;


--
-- Name: django_admin_log django_admin_log_user_id_c564eba6_fk_accounts_customuser_id; Type: FK CONSTRAINT; Schema: public; Owner: postgres
--

ALTER TABLE ONLY public.django_admin_log
    ADD CONSTRAINT django_admin_log_user_id_c564eba6_fk_accounts_customuser_id FOREIGN KEY (user_id) REFERENCES public.accounts_customuser(id) DEFERRABLE INITIALLY DEFERRED;


--
-- Name: django_celery_beat_periodictask django_celery_beat_p_clocked_id_47a69f82_fk_django_ce; Type: FK CONSTRAINT; Schema: public; Owner: postgres
--

ALTER TABLE ONLY public.django_celery_beat_periodictask
    ADD CONSTRAINT django_celery_beat_p_clocked_id_47a69f82_fk_django_ce FOREIGN KEY (clocked_id) REFERENCES public.django_celery_beat_clockedschedule(id) DEFERRABLE INITIALLY DEFERRED;


--
-- Name: django_celery_beat_periodictask django_celery_beat_p_crontab_id_d3cba168_fk_django_ce; Type: FK CONSTRAINT; Schema: public; Owner: postgres
--

ALTER TABLE ONLY public.django_celery_beat_periodictask
    ADD CONSTRAINT django_celery_beat_p_crontab_id_d3cba168_fk_django_ce FOREIGN KEY (crontab_id) REFERENCES public.django_celery_beat_crontabschedule(id) DEFERRABLE INITIALLY DEFERRED;


--
-- Name: django_celery_beat_periodictask django_celery_beat_p_interval_id_a8ca27da_fk_django_ce; Type: FK CONSTRAINT; Schema: public; Owner: postgres
--

ALTER TABLE ONLY public.django_celery_beat_periodictask
    ADD CONSTRAINT django_celery_beat_p_interval_id_a8ca27da_fk_django_ce FOREIGN KEY (interval_id) REFERENCES public.django_celery_beat_intervalschedule(id) DEFERRABLE INITIALLY DEFERRED;


--
-- Name: django_celery_beat_periodictask django_celery_beat_p_solar_id_a87ce72c_fk_django_ce; Type: FK CONSTRAINT; Schema: public; Owner: postgres
--

ALTER TABLE ONLY public.django_celery_beat_periodictask
    ADD CONSTRAINT django_celery_beat_p_solar_id_a87ce72c_fk_django_ce FOREIGN KEY (solar_id) REFERENCES public.django_celery_beat_solarschedule(id) DEFERRABLE INITIALLY DEFERRED;


--
-- Name: hitcount_hit_count hitcount_hit_count_content_type_id_4a734fe1_fk_django_co; Type: FK CONSTRAINT; Schema: public; Owner: postgres
--

ALTER TABLE ONLY public.hitcount_hit_count
    ADD CONSTRAINT hitcount_hit_count_content_type_id_4a734fe1_fk_django_co FOREIGN KEY (content_type_id) REFERENCES public.django_content_type(id) DEFERRABLE INITIALLY DEFERRED;


--
-- Name: hitcount_hit hitcount_hit_hitcount_id_b7971910_fk; Type: FK CONSTRAINT; Schema: public; Owner: postgres
--

ALTER TABLE ONLY public.hitcount_hit
    ADD CONSTRAINT hitcount_hit_hitcount_id_b7971910_fk FOREIGN KEY (hitcount_id) REFERENCES public.hitcount_hit_count(id) DEFERRABLE INITIALLY DEFERRED;


--
-- Name: hitcount_hit hitcount_hit_user_id_f7067f66_fk_accounts_customuser_id; Type: FK CONSTRAINT; Schema: public; Owner: postgres
--

ALTER TABLE ONLY public.hitcount_hit
    ADD CONSTRAINT hitcount_hit_user_id_f7067f66_fk_accounts_customuser_id FOREIGN KEY (user_id) REFERENCES public.accounts_customuser(id) DEFERRABLE INITIALLY DEFERRED;


--
-- Name: images_image images_image_content_type_id_ced1faf1_fk_django_content_type_id; Type: FK CONSTRAINT; Schema: public; Owner: postgres
--

ALTER TABLE ONLY public.images_image
    ADD CONSTRAINT images_image_content_type_id_ced1faf1_fk_django_content_type_id FOREIGN KEY (content_type_id) REFERENCES public.django_content_type(id) DEFERRABLE INITIALLY DEFERRED;


--
-- Name: industry_industryuser industry_industryuse_industry_id_c5152533_fk_industry_; Type: FK CONSTRAINT; Schema: public; Owner: postgres
--

ALTER TABLE ONLY public.industry_industryuser
    ADD CONSTRAINT industry_industryuse_industry_id_c5152533_fk_industry_ FOREIGN KEY (industry_id) REFERENCES public.industry_industry(id) DEFERRABLE INITIALLY DEFERRED;


--
-- Name: industry_industryuser industry_industryuse_user_id_b2c3e643_fk_accounts_; Type: FK CONSTRAINT; Schema: public; Owner: postgres
--

ALTER TABLE ONLY public.industry_industryuser
    ADD CONSTRAINT industry_industryuse_user_id_b2c3e643_fk_accounts_ FOREIGN KEY (user_id) REFERENCES public.accounts_customuser(id) DEFERRABLE INITIALLY DEFERRED;


--
-- Name: socialaccount_socialtoken socialaccount_social_account_id_951f210e_fk_socialacc; Type: FK CONSTRAINT; Schema: public; Owner: postgres
--

ALTER TABLE ONLY public.socialaccount_socialtoken
    ADD CONSTRAINT socialaccount_social_account_id_951f210e_fk_socialacc FOREIGN KEY (account_id) REFERENCES public.socialaccount_socialaccount(id) DEFERRABLE INITIALLY DEFERRED;


--
-- Name: socialaccount_socialtoken socialaccount_social_app_id_636a42d7_fk_socialacc; Type: FK CONSTRAINT; Schema: public; Owner: postgres
--

ALTER TABLE ONLY public.socialaccount_socialtoken
    ADD CONSTRAINT socialaccount_social_app_id_636a42d7_fk_socialacc FOREIGN KEY (app_id) REFERENCES public.socialaccount_socialapp(id) DEFERRABLE INITIALLY DEFERRED;


--
-- Name: socialaccount_socialaccount socialaccount_social_user_id_8146e70c_fk_accounts_; Type: FK CONSTRAINT; Schema: public; Owner: postgres
--

ALTER TABLE ONLY public.socialaccount_socialaccount
    ADD CONSTRAINT socialaccount_social_user_id_8146e70c_fk_accounts_ FOREIGN KEY (user_id) REFERENCES public.accounts_customuser(id) DEFERRABLE INITIALLY DEFERRED;


--
-- PostgreSQL database dump complete
--

